movie_id,start_time,precio,cinema_id_ext,sala_id_ext,sala_number
10,2025-10-09 11:45:00,23.03,cin_2203,sala_19693,1
256,2025-10-09 13:45:00,23.95,cin_935,sala_8386,2
292,2025-10-09 11:45:00,43.24,cin_1145,sala_10278,9
454,2025-10-09 11:45:00,43.26,cin_1563,sala_14018,3
394,2025-10-09 22:30:00,19.37,cin_2222,sala_19872,8
244,2025-10-09 20:00:00,28.09,cin_128,sala_1153,6
22,2025-10-09 21:15:00,37.28,cin_1398,sala_12567,6
150,2025-10-09 17:30:00,34.34,cin_1817,sala_16261,6
312,2025-10-09 10:30:00,32.04,cin_429,sala_3859,5
285,2025-10-09 22:30:00,23.03,cin_393,sala_3534,1
19,2025-10-09 22:30:00,17.75,cin_837,sala_7506,3
319,2025-10-09 11:45:00,33.16,cin_1562,sala_14009,6
34,2025-10-09 17:30:00,29.49,cin_875,sala_7850,1
27,2025-10-09 21:15:00,36.49,cin_1838,sala_16449,5
389,2025-10-09 20:00:00,30.28,cin_1608,sala_14411,4
42,2025-10-09 17:30:00,36.08,cin_1148,sala_10302,4
114,2025-10-09 17:30:00,30.23,cin_1645,sala_14721,7
1,2025-10-09 18:45:00,29.02,cin_551,sala_4954,2
80,2025-10-09 11:45:00,28.29,cin_755,sala_6749,6
450,2025-10-09 15:00:00,23.16,cin_458,sala_4096,8
274,2025-10-09 11:45:00,18.94,cin_1468,sala_13183,3
456,2025-10-09 12:30:00,15.43,cin_1948,sala_17436,6
217,2025-10-09 10:30:00,28.08,cin_1844,sala_16503,10
407,2025-10-09 17:30:00,28.12,cin_1831,sala_16387,1
417,2025-10-09 15:00:00,14.74,cin_1780,sala_15941,7
315,2025-10-09 12:30:00,36.02,cin_896,sala_8036,5
294,2025-10-09 17:30:00,15.06,cin_934,sala_8380,3
472,2025-10-09 10:30:00,34.81,cin_616,sala_5510,6
165,2025-10-09 16:15:00,36.25,cin_1698,sala_15214,4
206,2025-10-09 15:00:00,12.78,cin_414,sala_3729,9
279,2025-10-09 11:45:00,35.17,cin_1779,sala_15929,5
398,2025-10-09 13:45:00,12.58,cin_554,sala_4985,2
223,2025-10-09 11:45:00,37.29,cin_912,sala_8183,2
144,2025-10-09 21:15:00,20.27,cin_1312,sala_11790,4
139,2025-10-09 20:00:00,28.73,cin_922,sala_8276,7
237,2025-10-09 22:30:00,41.74,cin_225,sala_2006,3
6,2025-10-09 20:00:00,27.25,cin_955,sala_8579,8
130,2025-10-09 11:45:00,38.25,cin_6,sala_51,1
306,2025-10-09 13:45:00,28.53,cin_226,sala_2021,9
487,2025-10-09 17:30:00,29.67,cin_326,sala_2937,6
80,2025-10-09 11:45:00,20.44,cin_1127,sala_10106,2
451,2025-10-09 16:15:00,31.06,cin_1676,sala_15010,8
484,2025-10-09 20:00:00,15.04,cin_1862,sala_16653,3
328,2025-10-09 16:15:00,29.64,cin_1967,sala_17604,5
317,2025-10-09 22:30:00,43.36,cin_1943,sala_17387,3
369,2025-10-09 12:30:00,27.94,cin_2193,sala_19610,2
463,2025-10-09 16:15:00,15.86,cin_1655,sala_14814,1
24,2025-10-09 22:30:00,23.65,cin_1218,sala_10959,5
50,2025-10-09 18:45:00,19.97,cin_1128,sala_10121,10
409,2025-10-09 11:45:00,40.69,cin_1830,sala_16385,11
348,2025-10-09 18:45:00,41.3,cin_860,sala_7718,1
167,2025-10-09 12:30:00,23.82,cin_236,sala_2097,1
191,2025-10-09 15:00:00,18.93,cin_1908,sala_17074,8
373,2025-10-09 17:30:00,34.1,cin_2025,sala_18107,5
444,2025-10-09 21:15:00,30.32,cin_937,sala_8407,2
5,2025-10-09 21:15:00,36.51,cin_1935,sala_17324,10
161,2025-10-09 15:00:00,35.39,cin_497,sala_4449,4
210,2025-10-09 17:30:00,14.85,cin_2204,sala_19707,7
480,2025-10-09 16:15:00,43.67,cin_1323,sala_11888,6
163,2025-10-09 22:30:00,39.19,cin_2152,sala_19244,8
11,2025-10-09 18:45:00,16.6,cin_1142,sala_10249,7
328,2025-10-09 22:30:00,32.37,cin_1454,sala_13054,1
462,2025-10-09 21:15:00,23.47,cin_1084,sala_9726,3
77,2025-10-09 13:45:00,23.35,cin_234,sala_2084,7
130,2025-10-09 10:30:00,26.97,cin_45,sala_388,2
315,2025-10-09 20:00:00,31.15,cin_96,sala_852,8
479,2025-10-09 21:15:00,23.04,cin_1143,sala_10260,8
318,2025-10-09 17:30:00,30.8,cin_1368,sala_12300,6
308,2025-10-09 20:00:00,30.63,cin_2205,sala_19721,10
332,2025-10-09 20:00:00,20.65,cin_2136,sala_19107,12
12,2025-10-09 16:15:00,18.36,cin_931,sala_8354,9
259,2025-10-09 11:45:00,37.92,cin_1005,sala_9019,7
246,2025-10-09 13:45:00,19.99,cin_605,sala_5414,1
222,2025-10-09 10:30:00,36.02,cin_235,sala_2093,7
83,2025-10-09 22:30:00,16.63,cin_1656,sala_14829,9
466,2025-10-09 13:45:00,30.45,cin_935,sala_8386,2
204,2025-10-09 13:45:00,44.05,cin_78,sala_680,6
439,2025-10-09 11:45:00,26.57,cin_2187,sala_19565,3
115,2025-10-09 10:30:00,24.47,cin_1175,sala_10561,4
391,2025-10-09 16:15:00,19.18,cin_1403,sala_12600,5
341,2025-10-09 12:30:00,23.86,cin_2137,sala_19112,5
231,2025-10-09 17:30:00,19.02,cin_1152,sala_10344,3
291,2025-10-09 13:45:00,13.78,cin_1425,sala_12796,5
390,2025-10-09 17:30:00,24.73,cin_134,sala_1207,1
268,2025-10-09 20:00:00,29.99,cin_1991,sala_17799,3
484,2025-10-09 13:45:00,25.86,cin_2158,sala_19295,6
139,2025-10-09 16:15:00,18.67,cin_775,sala_6927,6
238,2025-10-09 13:45:00,33.0,cin_1065,sala_9571,8
325,2025-10-09 15:00:00,24.87,cin_1440,sala_12925,1
111,2025-10-09 20:00:00,25.44,cin_540,sala_4848,1
180,2025-10-09 11:45:00,40.02,cin_1028,sala_9230,2
52,2025-10-09 15:00:00,19.2,cin_1690,sala_15142,6
421,2025-10-09 10:30:00,16.44,cin_403,sala_3624,6
146,2025-10-09 15:00:00,44.22,cin_2041,sala_18246,5
185,2025-10-09 11:45:00,23.02,cin_400,sala_3600,3
19,2025-10-09 12:30:00,44.36,cin_48,sala_415,5
289,2025-10-09 11:45:00,44.76,cin_1810,sala_16202,3
460,2025-10-09 16:15:00,40.25,cin_831,sala_7444,1
175,2025-10-09 22:30:00,35.55,cin_1606,sala_14396,1
152,2025-10-09 10:30:00,28.08,cin_729,sala_6506,5
169,2025-10-09 15:00:00,19.37,cin_218,sala_1947,3
262,2025-10-09 12:30:00,44.51,cin_533,sala_4782,5
175,2025-10-09 12:30:00,40.69,cin_1527,sala_13673,9
110,2025-10-09 13:45:00,38.94,cin_269,sala_2408,8
494,2025-10-09 17:30:00,12.83,cin_628,sala_5614,9
432,2025-10-09 12:30:00,43.36,cin_759,sala_6792,11
58,2025-10-09 15:00:00,23.43,cin_796,sala_7121,9
410,2025-10-09 21:15:00,21.21,cin_764,sala_6824,1
32,2025-10-09 13:45:00,38.61,cin_2182,sala_19517,2
358,2025-10-09 22:30:00,41.72,cin_1756,sala_15722,2
439,2025-10-09 17:30:00,32.41,cin_1947,sala_17423,3
80,2025-10-09 17:30:00,29.66,cin_1462,sala_13122,2
486,2025-10-09 22:30:00,24.72,cin_1612,sala_14447,5
197,2025-10-09 13:45:00,44.03,cin_2036,sala_18194,7
491,2025-10-09 16:15:00,43.39,cin_1683,sala_15073,5
183,2025-10-09 12:30:00,38.12,cin_1281,sala_11517,3
94,2025-10-09 13:45:00,33.93,cin_720,sala_6428,5
208,2025-10-09 20:00:00,18.25,cin_1234,sala_11107,4
278,2025-10-09 10:30:00,13.83,cin_750,sala_6697,1
44,2025-10-09 17:30:00,28.54,cin_1411,sala_12667,3
297,2025-10-09 16:15:00,22.23,cin_56,sala_479,6
277,2025-10-09 17:30:00,29.16,cin_2085,sala_18644,3
90,2025-10-09 20:00:00,35.97,cin_2222,sala_19871,7
427,2025-10-09 18:45:00,18.71,cin_1417,sala_12727,6
63,2025-10-09 11:45:00,39.48,cin_921,sala_8260,1
465,2025-10-09 10:30:00,21.65,cin_941,sala_8447,3
313,2025-10-09 16:15:00,44.57,cin_193,sala_1726,5
431,2025-10-09 17:30:00,28.51,cin_1555,sala_13934,5
485,2025-10-09 20:00:00,16.26,cin_1335,sala_11994,1
281,2025-10-09 18:45:00,16.33,cin_1369,sala_12308,3
111,2025-10-09 21:15:00,23.87,cin_1671,sala_14961,2
33,2025-10-09 20:00:00,17.78,cin_2160,sala_19314,6
440,2025-10-09 18:45:00,25.91,cin_457,sala_4087,6
18,2025-10-09 17:30:00,18.85,cin_2072,sala_18535,10
384,2025-10-09 20:00:00,26.38,cin_2163,sala_19333,3
211,2025-10-09 13:45:00,18.07,cin_1683,sala_15072,4
117,2025-10-09 16:15:00,12.8,cin_315,sala_2829,4
438,2025-10-09 13:45:00,14.85,cin_662,sala_5927,6
179,2025-10-09 21:15:00,35.17,cin_462,sala_4136,11
199,2025-10-09 15:00:00,26.88,cin_207,sala_1858,2
227,2025-10-09 10:30:00,39.54,cin_1996,sala_17838,5
65,2025-10-09 13:45:00,25.72,cin_1739,sala_15586,2
326,2025-10-09 10:30:00,31.21,cin_834,sala_7482,9
134,2025-10-09 20:00:00,26.67,cin_791,sala_7059,1
236,2025-10-09 10:30:00,19.94,cin_1087,sala_9756,2
382,2025-10-09 20:00:00,21.95,cin_479,sala_4289,1
224,2025-10-09 21:15:00,28.14,cin_1546,sala_13859,12
74,2025-10-09 15:00:00,26.45,cin_1927,sala_17238,1
273,2025-10-09 18:45:00,16.65,cin_1574,sala_14113,2
219,2025-10-09 11:45:00,42.57,cin_736,sala_6571,4
226,2025-10-09 17:30:00,42.58,cin_255,sala_2277,6
387,2025-10-09 21:15:00,25.79,cin_192,sala_1713,2
405,2025-10-09 11:45:00,17.36,cin_686,sala_6144,7
137,2025-10-09 11:45:00,41.01,cin_1902,sala_17013,3
278,2025-10-09 16:15:00,26.26,cin_140,sala_1269,10
131,2025-10-09 17:30:00,24.46,cin_380,sala_3423,9
302,2025-10-09 12:30:00,38.43,cin_1472,sala_13227,7
200,2025-10-09 21:15:00,22.33,cin_1121,sala_10054,5
59,2025-10-09 15:00:00,29.82,cin_1462,sala_13131,11
483,2025-10-09 11:45:00,20.12,cin_570,sala_5118,5
448,2025-10-09 16:15:00,20.38,cin_351,sala_3178,4
368,2025-10-09 21:15:00,41.76,cin_1843,sala_16486,2
488,2025-10-09 13:45:00,19.43,cin_2039,sala_18223,5
172,2025-10-09 15:00:00,16.77,cin_1745,sala_15641,4
50,2025-10-09 22:30:00,18.94,cin_983,sala_8822,7
487,2025-10-09 13:45:00,26.26,cin_1803,sala_16153,11
327,2025-10-09 16:15:00,42.57,cin_936,sala_8402,9
365,2025-10-09 18:45:00,17.01,cin_161,sala_1440,2
499,2025-10-09 15:00:00,19.24,cin_1173,sala_10545,4
311,2025-10-09 20:00:00,41.83,cin_27,sala_236,6
419,2025-10-09 20:00:00,38.1,cin_2227,sala_19917,5
249,2025-10-09 12:30:00,23.87,cin_1401,sala_12586,6
98,2025-10-09 16:15:00,33.01,cin_813,sala_7263,1
241,2025-10-09 15:00:00,41.27,cin_1638,sala_14664,5
65,2025-10-09 17:30:00,34.78,cin_2152,sala_19240,4
2,2025-10-09 22:30:00,38.1,cin_141,sala_1275,5
310,2025-10-09 13:45:00,32.65,cin_725,sala_6468,9
151,2025-10-09 21:15:00,13.87,cin_1936,sala_17328,4
440,2025-10-09 18:45:00,24.23,cin_2194,sala_19628,8
476,2025-10-09 16:15:00,24.69,cin_938,sala_8420,5
106,2025-10-09 12:30:00,38.02,cin_1366,sala_12285,10
451,2025-10-09 13:45:00,18.14,cin_937,sala_8415,10
170,2025-10-09 16:15:00,18.55,cin_835,sala_7488,5
42,2025-10-09 20:00:00,14.83,cin_2190,sala_19587,5
177,2025-10-09 13:45:00,36.33,cin_2217,sala_19824,4
242,2025-10-09 18:45:00,40.43,cin_496,sala_4443,5
178,2025-10-09 11:45:00,12.64,cin_249,sala_2220,5
151,2025-10-09 21:15:00,32.4,cin_1197,sala_10761,8
352,2025-10-09 10:30:00,19.86,cin_520,sala_4670,11
413,2025-10-09 22:30:00,23.45,cin_1951,sala_17463,6
343,2025-10-09 22:30:00,38.93,cin_1924,sala_17218,10
200,2025-10-09 15:00:00,43.43,cin_689,sala_6169,4
167,2025-10-09 17:30:00,31.41,cin_1709,sala_15314,3
38,2025-10-09 12:30:00,19.19,cin_1381,sala_12419,4
291,2025-10-09 11:45:00,39.91,cin_1220,sala_10974,4
68,2025-10-09 11:45:00,42.42,cin_1360,sala_12232,4
395,2025-10-09 18:45:00,26.71,cin_1151,sala_10341,11
320,2025-10-09 20:00:00,21.42,cin_1687,sala_15118,12
297,2025-10-09 13:45:00,16.62,cin_1102,sala_9890,8
469,2025-10-09 10:30:00,28.29,cin_217,sala_1938,1
280,2025-10-09 17:30:00,38.58,cin_382,sala_3434,1
140,2025-10-09 16:15:00,27.92,cin_1225,sala_11013,3
361,2025-10-09 13:45:00,39.26,cin_108,sala_955,5
105,2025-10-09 22:30:00,31.19,cin_922,sala_8272,3
420,2025-10-09 17:30:00,14.32,cin_1803,sala_16150,8
6,2025-10-09 12:30:00,19.44,cin_303,sala_2706,5
388,2025-10-09 22:30:00,34.39,cin_1880,sala_16818,6
314,2025-10-09 20:00:00,15.51,cin_1855,sala_16587,2
458,2025-10-09 12:30:00,29.82,cin_1343,sala_12077,4
55,2025-10-09 10:30:00,34.65,cin_354,sala_3206,7
440,2025-10-09 22:30:00,43.56,cin_2072,sala_18535,10
494,2025-10-09 16:15:00,37.37,cin_1372,sala_12337,4
357,2025-10-09 10:30:00,42.04,cin_1150,sala_10320,1
273,2025-10-09 22:30:00,22.1,cin_1549,sala_13878,2
166,2025-10-09 10:30:00,29.8,cin_1791,sala_16032,2
345,2025-10-09 17:30:00,42.69,cin_672,sala_6017,5
452,2025-10-09 20:00:00,31.51,cin_1451,sala_13027,1
143,2025-10-09 16:15:00,25.91,cin_363,sala_3271,4
32,2025-10-09 18:45:00,26.17,cin_1207,sala_10856,11
202,2025-10-09 10:30:00,32.09,cin_270,sala_2413,4
405,2025-10-09 11:45:00,32.16,cin_2197,sala_19645,2
142,2025-10-09 22:30:00,32.28,cin_2168,sala_19382,8
15,2025-10-09 16:15:00,25.75,cin_799,sala_7142,8
58,2025-10-09 10:30:00,20.28,cin_2032,sala_18163,2
240,2025-10-09 12:30:00,30.16,cin_124,sala_1123,11
429,2025-10-09 18:45:00,44.24,cin_403,sala_3623,5
6,2025-10-09 11:45:00,20.16,cin_715,sala_6385,6
180,2025-10-09 17:30:00,18.24,cin_2193,sala_19609,1
452,2025-10-09 13:45:00,43.57,cin_1519,sala_13602,3
133,2025-10-09 22:30:00,38.31,cin_1000,sala_8971,1
375,2025-10-09 15:00:00,35.44,cin_143,sala_1287,3
373,2025-10-09 13:45:00,40.56,cin_377,sala_3393,6
376,2025-10-09 21:15:00,23.77,cin_96,sala_848,4
127,2025-10-09 18:45:00,17.58,cin_2121,sala_18952,8
91,2025-10-09 15:00:00,29.76,cin_736,sala_6573,6
36,2025-10-09 10:30:00,28.86,cin_1106,sala_9924,2
451,2025-10-09 18:45:00,43.17,cin_755,sala_6747,4
260,2025-10-09 18:45:00,41.6,cin_864,sala_7755,3
102,2025-10-09 13:45:00,12.45,cin_384,sala_3458,5
450,2025-10-09 16:15:00,27.56,cin_681,sala_6098,5
341,2025-10-09 10:30:00,38.29,cin_1149,sala_10311,3
205,2025-10-09 18:45:00,44.99,cin_1763,sala_15796,12
21,2025-10-09 21:15:00,42.47,cin_162,sala_1452,7
222,2025-10-09 18:45:00,43.25,cin_1618,sala_14490,3
260,2025-10-09 15:00:00,15.35,cin_1949,sala_17438,1
46,2025-10-09 21:15:00,15.9,cin_1724,sala_15452,2
320,2025-10-09 21:15:00,42.94,cin_777,sala_6937,1
288,2025-10-09 11:45:00,16.12,cin_363,sala_3272,5
161,2025-10-09 16:15:00,38.74,cin_1950,sala_17453,5
474,2025-10-09 16:15:00,25.06,cin_228,sala_2030,2
348,2025-10-09 22:30:00,14.01,cin_1116,sala_10015,6
159,2025-10-09 15:00:00,20.92,cin_1634,sala_14629,2
381,2025-10-09 12:30:00,22.29,cin_1207,sala_10850,5
370,2025-10-09 22:30:00,17.33,cin_1274,sala_11452,3
445,2025-10-09 22:30:00,43.88,cin_220,sala_1961,2
94,2025-10-09 16:15:00,33.76,cin_72,sala_623,3
162,2025-10-09 12:30:00,38.45,cin_455,sala_4071,4
326,2025-10-09 10:30:00,20.32,cin_1208,sala_10868,12
400,2025-10-09 17:30:00,41.99,cin_2122,sala_18957,1
41,2025-10-09 20:00:00,26.55,cin_826,sala_7397,7
454,2025-10-09 10:30:00,19.86,cin_583,sala_5227,4
167,2025-10-09 16:15:00,31.66,cin_977,sala_8769,7
375,2025-10-09 10:30:00,15.29,cin_522,sala_4682,5
104,2025-10-09 15:00:00,36.93,cin_1507,sala_13510,1
143,2025-10-09 10:30:00,29.07,cin_40,sala_346,9
49,2025-10-09 17:30:00,15.96,cin_775,sala_6928,7
327,2025-10-09 20:00:00,19.64,cin_1167,sala_10489,4
307,2025-10-09 13:45:00,12.59,cin_551,sala_4961,9
289,2025-10-09 12:30:00,39.23,cin_2135,sala_19094,10
398,2025-10-09 13:45:00,22.16,cin_1065,sala_9568,5
144,2025-10-09 17:30:00,31.42,cin_547,sala_4924,6
184,2025-10-09 11:45:00,19.41,cin_1243,sala_11189,5
124,2025-10-09 11:45:00,22.32,cin_211,sala_1887,1
259,2025-10-09 22:30:00,18.66,cin_1594,sala_14284,1
191,2025-10-09 18:45:00,36.66,cin_550,sala_4952,7
93,2025-10-09 17:30:00,34.44,cin_1208,sala_10866,10
498,2025-10-09 12:30:00,22.49,cin_166,sala_1491,5
274,2025-10-09 15:00:00,42.53,cin_1725,sala_15468,10
304,2025-10-09 20:00:00,42.08,cin_1481,sala_13285,1
112,2025-10-09 20:00:00,36.7,cin_87,sala_766,11
382,2025-10-09 22:30:00,43.79,cin_981,sala_8803,4
186,2025-10-09 21:15:00,37.08,cin_1648,sala_14750,4
422,2025-10-09 10:30:00,22.84,cin_27,sala_231,1
32,2025-10-09 15:00:00,20.24,cin_2005,sala_17909,8
155,2025-10-09 21:15:00,26.71,cin_762,sala_6817,8
195,2025-10-09 20:00:00,18.37,cin_232,sala_2062,1
405,2025-10-09 18:45:00,43.32,cin_1984,sala_17747,6
351,2025-10-09 16:15:00,42.3,cin_2163,sala_19333,3
58,2025-10-09 20:00:00,37.94,cin_1563,sala_14019,4
75,2025-10-09 13:45:00,37.44,cin_1515,sala_13574,4
482,2025-10-09 15:00:00,28.62,cin_346,sala_3127,4
265,2025-10-09 10:30:00,39.34,cin_1953,sala_17480,4
326,2025-10-09 13:45:00,42.93,cin_723,sala_6449,3
432,2025-10-09 18:45:00,29.26,cin_1721,sala_15425,2
147,2025-10-09 18:45:00,14.16,cin_182,sala_1631,5
57,2025-10-09 13:45:00,22.68,cin_1397,sala_12559,6
353,2025-10-09 11:45:00,41.55,cin_91,sala_805,5
343,2025-10-09 20:00:00,41.95,cin_2174,sala_19442,6
139,2025-10-09 20:00:00,12.72,cin_2002,sala_17881,9
52,2025-10-09 12:30:00,16.27,cin_1694,sala_15175,2
339,2025-10-09 22:30:00,25.97,cin_478,sala_4284,3
417,2025-10-09 15:00:00,44.64,cin_1352,sala_12164,9
288,2025-10-09 22:30:00,38.45,cin_316,sala_2835,2
500,2025-10-09 12:30:00,24.34,cin_1942,sala_17377,4
269,2025-10-09 15:00:00,15.8,cin_1003,sala_8998,2
378,2025-10-09 20:00:00,41.97,cin_1103,sala_9895,5
129,2025-10-09 12:30:00,21.5,cin_736,sala_6576,9
140,2025-10-09 17:30:00,21.69,cin_301,sala_2684,1
326,2025-10-09 13:45:00,40.7,cin_1280,sala_11510,8
286,2025-10-09 20:00:00,16.95,cin_263,sala_2357,5
301,2025-10-09 21:15:00,13.36,cin_1965,sala_17585,8
138,2025-10-09 13:45:00,19.47,cin_838,sala_7513,4
412,2025-10-09 10:30:00,31.33,cin_2143,sala_19170,7
417,2025-10-09 21:15:00,35.65,cin_540,sala_4857,10
279,2025-10-09 18:45:00,32.77,cin_2157,sala_19280,1
133,2025-10-09 10:30:00,13.45,cin_405,sala_3644,8
303,2025-10-09 15:00:00,21.88,cin_1196,sala_10751,9
372,2025-10-09 20:00:00,17.5,cin_2227,sala_19919,7
497,2025-10-09 15:00:00,23.58,cin_816,sala_7294,3
280,2025-10-09 22:30:00,32.24,cin_825,sala_7390,9
110,2025-10-09 20:00:00,31.85,cin_1026,sala_9215,3
65,2025-10-09 21:15:00,25.07,cin_1310,sala_11774,7
351,2025-10-09 20:00:00,26.54,cin_2230,sala_19953,11
143,2025-10-09 17:30:00,19.38,cin_1156,sala_10383,7
269,2025-10-09 12:30:00,37.5,cin_361,sala_3256,2
9,2025-10-09 11:45:00,18.33,cin_453,sala_4055,6
484,2025-10-09 16:15:00,16.5,cin_711,sala_6346,6
247,2025-10-09 22:30:00,20.29,cin_863,sala_7747,6
387,2025-10-09 15:00:00,23.41,cin_196,sala_1760,11
144,2025-10-09 13:45:00,35.42,cin_559,sala_5026,6
238,2025-10-09 21:15:00,36.2,cin_1152,sala_10349,8
292,2025-10-09 18:45:00,19.31,cin_1091,sala_9796,7
358,2025-10-09 16:15:00,29.27,cin_815,sala_7287,4
8,2025-10-09 18:45:00,35.75,cin_1062,sala_9550,7
84,2025-10-09 20:00:00,22.92,cin_2042,sala_18251,1
144,2025-10-09 18:45:00,36.62,cin_6,sala_57,7
428,2025-10-09 12:30:00,14.82,cin_1361,sala_12244,8
404,2025-10-09 18:45:00,37.41,cin_882,sala_7909,3
121,2025-10-09 12:30:00,25.37,cin_468,sala_4198,8
97,2025-10-09 11:45:00,38.62,cin_1735,sala_15553,5
21,2025-10-09 16:15:00,24.93,cin_1968,sala_17613,4
490,2025-10-09 10:30:00,34.54,cin_2135,sala_19087,3
67,2025-10-09 10:30:00,33.83,cin_840,sala_7534,4
268,2025-10-09 17:30:00,19.94,cin_196,sala_1757,8
336,2025-10-09 10:30:00,35.79,cin_1527,sala_13672,8
280,2025-10-09 16:15:00,14.66,cin_579,sala_5194,9
317,2025-10-09 10:30:00,44.56,cin_194,sala_1731,1
21,2025-10-09 16:15:00,41.4,cin_651,sala_5828,4
393,2025-10-09 16:15:00,35.52,cin_1488,sala_13350,1
330,2025-10-09 13:45:00,13.46,cin_579,sala_5189,4
311,2025-10-09 18:45:00,30.49,cin_1155,sala_10371,4
86,2025-10-09 10:30:00,40.31,cin_1094,sala_9826,10
194,2025-10-09 16:15:00,18.27,cin_1455,sala_13064,2
150,2025-10-09 15:00:00,27.4,cin_2215,sala_19809,2
105,2025-10-09 17:30:00,33.32,cin_1943,sala_17389,5
129,2025-10-09 10:30:00,39.29,cin_1028,sala_9231,3
86,2025-10-09 11:45:00,23.24,cin_1494,sala_13404,4
241,2025-10-09 18:45:00,42.25,cin_1643,sala_14706,8
279,2025-10-09 11:45:00,12.68,cin_405,sala_3645,9
467,2025-10-09 20:00:00,23.83,cin_459,sala_4107,9
497,2025-10-09 16:15:00,43.22,cin_1483,sala_13304,1
296,2025-10-09 10:30:00,43.41,cin_859,sala_7717,10
139,2025-10-09 17:30:00,30.21,cin_1345,sala_12100,9
27,2025-10-09 11:45:00,43.7,cin_409,sala_3681,5
103,2025-10-09 11:45:00,38.24,cin_521,sala_4675,5
399,2025-10-09 13:45:00,21.5,cin_805,sala_7193,3
483,2025-10-09 10:30:00,38.15,cin_977,sala_8770,8
497,2025-10-09 11:45:00,22.23,cin_311,sala_2783,1
186,2025-10-09 18:45:00,38.46,cin_293,sala_2619,6
65,2025-10-09 10:30:00,16.29,cin_578,sala_5185,7
28,2025-10-09 11:45:00,39.67,cin_157,sala_1403,3
256,2025-10-09 22:30:00,25.27,cin_711,sala_6350,10
25,2025-10-09 12:30:00,39.04,cin_2234,sala_19991,2
6,2025-10-09 11:45:00,23.11,cin_694,sala_6204,1
259,2025-10-09 10:30:00,35.23,cin_853,sala_7664,11
255,2025-10-09 20:00:00,16.98,cin_1842,sala_16481,6
202,2025-10-09 17:30:00,23.62,cin_1995,sala_17828,5
321,2025-10-09 15:00:00,38.33,cin_793,sala_7091,11
266,2025-10-09 20:00:00,20.97,cin_2008,sala_17940,11
201,2025-10-09 18:45:00,40.68,cin_1286,sala_11559,4
463,2025-10-09 21:15:00,42.31,cin_114,sala_1016,5
379,2025-10-09 10:30:00,19.81,cin_609,sala_5450,5
487,2025-10-09 16:15:00,19.83,cin_1608,sala_14413,6
235,2025-10-09 11:45:00,35.98,cin_1687,sala_15111,5
229,2025-10-09 18:45:00,44.15,cin_354,sala_3205,6
497,2025-10-09 16:15:00,35.16,cin_796,sala_7117,5
341,2025-10-09 12:30:00,15.26,cin_1486,sala_13337,6
391,2025-10-09 10:30:00,38.7,cin_14,sala_135,12
243,2025-10-09 11:45:00,44.87,cin_2126,sala_19002,4
328,2025-10-09 20:00:00,23.45,cin_475,sala_4253,6
320,2025-10-09 21:15:00,31.24,cin_241,sala_2143,1
485,2025-10-09 18:45:00,27.05,cin_1237,sala_11126,5
412,2025-10-09 18:45:00,21.0,cin_656,sala_5870,2
269,2025-10-09 20:00:00,20.75,cin_2209,sala_19759,10
324,2025-10-09 10:30:00,29.42,cin_1073,sala_9640,10
176,2025-10-09 17:30:00,36.08,cin_2051,sala_18333,3
292,2025-10-09 12:30:00,30.82,cin_146,sala_1317,9
123,2025-10-09 16:15:00,19.99,cin_2114,sala_18884,3
373,2025-10-09 11:45:00,13.93,cin_378,sala_3401,3
69,2025-10-09 21:15:00,17.83,cin_2105,sala_18808,5
270,2025-10-09 18:45:00,32.07,cin_1146,sala_10286,5
60,2025-10-09 10:30:00,13.62,cin_1701,sala_15251,12
369,2025-10-09 10:30:00,24.26,cin_845,sala_7576,3
255,2025-10-09 15:00:00,13.95,cin_437,sala_3922,3
423,2025-10-09 17:30:00,12.48,cin_715,sala_6381,2
131,2025-10-09 11:45:00,26.16,cin_1586,sala_14223,6
303,2025-10-09 21:15:00,31.35,cin_1543,sala_13815,1
243,2025-10-09 17:30:00,29.15,cin_65,sala_562,9
203,2025-10-09 17:30:00,37.08,cin_6,sala_58,8
169,2025-10-09 13:45:00,29.18,cin_1307,sala_11744,3
408,2025-10-09 12:30:00,19.33,cin_2222,sala_19869,5
270,2025-10-09 13:45:00,36.65,cin_2183,sala_19529,5
347,2025-10-09 16:15:00,16.79,cin_1216,sala_10934,1
290,2025-10-09 22:30:00,26.49,cin_295,sala_2635,2
68,2025-10-09 12:30:00,41.15,cin_1649,sala_14760,3
36,2025-10-09 13:45:00,18.02,cin_1227,sala_11039,12
134,2025-10-09 18:45:00,38.99,cin_1619,sala_14497,3
213,2025-10-09 10:30:00,34.58,cin_190,sala_1697,6
59,2025-10-09 16:15:00,33.19,cin_453,sala_4053,4
343,2025-10-09 22:30:00,40.55,cin_2230,sala_19951,9
19,2025-10-09 10:30:00,43.35,cin_601,sala_5387,8
43,2025-10-09 17:30:00,27.25,cin_1416,sala_12716,2
367,2025-10-09 18:45:00,30.6,cin_34,sala_294,8
467,2025-10-09 16:15:00,27.86,cin_309,sala_2768,3
351,2025-10-09 22:30:00,37.87,cin_1010,sala_9067,8
27,2025-10-09 18:45:00,22.38,cin_157,sala_1410,10
28,2025-10-09 20:00:00,33.42,cin_1917,sala_17154,9
204,2025-10-09 20:00:00,33.82,cin_1012,sala_9086,6
266,2025-10-09 21:15:00,30.75,cin_282,sala_2522,8
148,2025-10-09 22:30:00,36.67,cin_1073,sala_9631,1
400,2025-10-09 12:30:00,16.66,cin_715,sala_6388,9
129,2025-10-09 11:45:00,30.27,cin_386,sala_3478,10
448,2025-10-09 11:45:00,17.11,cin_1174,sala_10551,1
250,2025-10-09 16:15:00,20.91,cin_514,sala_4605,3
361,2025-10-09 21:15:00,17.18,cin_1040,sala_9350,3
485,2025-10-09 13:45:00,20.61,cin_1827,sala_16351,2
489,2025-10-09 20:00:00,27.2,cin_759,sala_6790,9
447,2025-10-09 18:45:00,15.17,cin_1549,sala_13882,6
8,2025-10-09 20:00:00,12.75,cin_414,sala_3732,12
462,2025-10-09 20:00:00,15.22,cin_578,sala_5183,5
160,2025-10-09 15:00:00,42.68,cin_670,sala_6004,4
271,2025-10-09 18:45:00,28.04,cin_936,sala_8398,5
259,2025-10-09 17:30:00,23.94,cin_977,sala_8770,8
303,2025-10-09 21:15:00,35.49,cin_1791,sala_16033,3
136,2025-10-09 21:15:00,40.18,cin_1508,sala_13517,2
15,2025-10-09 21:15:00,27.75,cin_36,sala_307,1
420,2025-10-09 18:45:00,27.7,cin_957,sala_8596,6
468,2025-10-09 21:15:00,40.81,cin_784,sala_7006,6
469,2025-10-09 17:30:00,21.91,cin_1046,sala_9401,1
360,2025-10-09 16:15:00,22.73,cin_412,sala_3707,4
91,2025-10-09 12:30:00,12.31,cin_1474,sala_13237,1
27,2025-10-09 15:00:00,33.8,cin_538,sala_4832,6
34,2025-10-09 17:30:00,15.27,cin_188,sala_1679,9
365,2025-10-09 22:30:00,21.48,cin_878,sala_7877,5
457,2025-10-09 20:00:00,16.9,cin_225,sala_2012,9
74,2025-10-09 15:00:00,44.39,cin_1070,sala_9615,12
36,2025-10-09 21:15:00,31.97,cin_774,sala_6914,2
56,2025-10-09 18:45:00,22.94,cin_1869,sala_16722,7
267,2025-10-09 10:30:00,30.12,cin_1347,sala_12115,1
198,2025-10-09 22:30:00,44.11,cin_521,sala_4675,5
315,2025-10-09 10:30:00,16.49,cin_517,sala_4637,4
388,2025-10-09 21:15:00,34.19,cin_516,sala_4627,3
445,2025-10-09 21:15:00,22.41,cin_1692,sala_15155,2
125,2025-10-09 16:15:00,21.33,cin_1645,sala_14716,2
388,2025-10-09 17:30:00,28.57,cin_1435,sala_12887,3
464,2025-10-09 20:00:00,22.5,cin_763,sala_6819,2
71,2025-10-09 11:45:00,23.39,cin_116,sala_1036,6
66,2025-10-09 11:45:00,24.95,cin_1796,sala_16086,9
298,2025-10-09 15:00:00,23.71,cin_1042,sala_9369,1
47,2025-10-09 22:30:00,27.72,cin_350,sala_3171,9
18,2025-10-09 20:00:00,41.17,cin_1133,sala_10165,7
379,2025-10-09 15:00:00,20.2,cin_4,sala_37,5
347,2025-10-09 21:15:00,27.31,cin_653,sala_5847,6
483,2025-10-09 22:30:00,34.55,cin_967,sala_8678,3
255,2025-10-09 13:45:00,22.72,cin_726,sala_6476,5
136,2025-10-09 11:45:00,19.98,cin_1845,sala_16512,9
493,2025-10-09 16:15:00,38.37,cin_1491,sala_13382,12
196,2025-10-09 13:45:00,15.2,cin_450,sala_4033,2
246,2025-10-09 15:00:00,40.44,cin_1232,sala_11085,4
297,2025-10-09 13:45:00,44.68,cin_1635,sala_14637,3
498,2025-10-09 15:00:00,21.74,cin_294,sala_2622,1
271,2025-10-09 17:30:00,26.29,cin_1421,sala_12768,9
254,2025-10-09 17:30:00,36.25,cin_103,sala_916,9
33,2025-10-09 12:30:00,39.18,cin_507,sala_4545,9
181,2025-10-09 15:00:00,42.72,cin_1924,sala_17211,3
201,2025-10-09 22:30:00,44.07,cin_437,sala_3928,9
254,2025-10-09 17:30:00,19.49,cin_684,sala_6124,2
198,2025-10-09 12:30:00,41.67,cin_1437,sala_12902,2
339,2025-10-09 17:30:00,41.88,cin_1339,sala_12037,5
473,2025-10-09 20:00:00,36.68,cin_1787,sala_16004,7
327,2025-10-09 12:30:00,43.59,cin_763,sala_6821,4
471,2025-10-09 18:45:00,27.8,cin_895,sala_8023,3
487,2025-10-09 18:45:00,26.11,cin_917,sala_8230,12
159,2025-10-09 12:30:00,33.62,cin_2123,sala_18968,5
103,2025-10-09 22:30:00,37.34,cin_1948,sala_17436,6
213,2025-10-09 13:45:00,27.96,cin_1661,sala_14882,10
164,2025-10-09 17:30:00,16.34,cin_659,sala_5902,12
21,2025-10-09 20:00:00,22.68,cin_1298,sala_11666,1
284,2025-10-09 12:30:00,34.17,cin_1382,sala_12428,5
22,2025-10-09 21:15:00,19.01,cin_1584,sala_14205,8
60,2025-10-09 11:45:00,44.66,cin_2028,sala_18125,1
431,2025-10-09 15:00:00,22.62,cin_1597,sala_14328,12
238,2025-10-09 20:00:00,35.74,cin_1460,sala_13110,4
256,2025-10-09 13:45:00,22.44,cin_716,sala_6398,8
25,2025-10-09 22:30:00,36.38,cin_650,sala_5820,2
340,2025-10-09 20:00:00,36.48,cin_514,sala_4611,9
121,2025-10-09 12:30:00,20.68,cin_687,sala_6154,9
357,2025-10-09 20:00:00,24.02,cin_1606,sala_14401,6
289,2025-10-09 20:00:00,35.41,cin_1060,sala_9529,4
120,2025-10-09 22:30:00,23.79,cin_791,sala_7059,1
6,2025-10-09 13:45:00,12.32,cin_1038,sala_9331,3
224,2025-10-09 17:30:00,43.64,cin_1002,sala_8987,3
169,2025-10-09 22:30:00,15.5,cin_277,sala_2476,12
3,2025-10-09 22:30:00,27.56,cin_47,sala_410,6
137,2025-10-09 13:45:00,16.97,cin_1033,sala_9282,2
368,2025-10-09 21:15:00,25.48,cin_1346,sala_12112,10
471,2025-10-09 20:00:00,34.71,cin_2031,sala_18158,8
203,2025-10-09 10:30:00,16.78,cin_687,sala_6149,4
99,2025-10-09 10:30:00,15.31,cin_430,sala_3870,4
267,2025-10-09 16:15:00,38.02,cin_1972,sala_17641,1
471,2025-10-09 11:45:00,30.19,cin_490,sala_4389,9
6,2025-10-09 10:30:00,28.01,cin_2056,sala_18374,6
86,2025-10-09 11:45:00,31.97,cin_2047,sala_18296,2
289,2025-10-09 16:15:00,16.23,cin_1687,sala_15113,7
169,2025-10-09 22:30:00,17.78,cin_1261,sala_11330,5
58,2025-10-09 22:30:00,15.47,cin_1607,sala_14407,6
88,2025-10-09 22:30:00,16.3,cin_1214,sala_10921,4
372,2025-10-09 11:45:00,35.82,cin_595,sala_5323,5
318,2025-10-09 12:30:00,44.57,cin_68,sala_588,4
484,2025-10-09 18:45:00,41.34,cin_1040,sala_9352,5
227,2025-10-09 17:30:00,18.37,cin_1431,sala_12856,7
310,2025-10-09 12:30:00,38.43,cin_1649,sala_14763,6
207,2025-10-09 16:15:00,32.87,cin_162,sala_1448,3
119,2025-10-09 12:30:00,14.18,cin_703,sala_6278,2
277,2025-10-09 11:45:00,27.61,cin_522,sala_4679,2
319,2025-10-09 11:45:00,16.91,cin_46,sala_395,1
24,2025-10-09 17:30:00,38.6,cin_661,sala_5913,1
337,2025-10-09 13:45:00,14.84,cin_1663,sala_14893,2
455,2025-10-09 20:00:00,43.92,cin_1201,sala_10798,7
443,2025-10-09 10:30:00,33.3,cin_923,sala_8282,2
65,2025-10-09 10:30:00,12.1,cin_1588,sala_14238,5
89,2025-10-09 13:45:00,24.57,cin_1828,sala_16361,2
408,2025-10-09 15:00:00,42.91,cin_1144,sala_10262,2
438,2025-10-09 13:45:00,25.78,cin_2202,sala_19686,4
457,2025-10-09 16:15:00,38.89,cin_1889,sala_16896,8
71,2025-10-09 10:30:00,22.49,cin_972,sala_8729,9
412,2025-10-09 12:30:00,22.19,cin_98,sala_873,9
238,2025-10-09 22:30:00,17.43,cin_600,sala_5375,7
72,2025-10-09 21:15:00,29.01,cin_838,sala_7515,6
470,2025-10-09 12:30:00,29.91,cin_1968,sala_17611,2
335,2025-10-09 22:30:00,43.21,cin_546,sala_4915,5
349,2025-10-09 22:30:00,38.81,cin_1634,sala_14633,6
161,2025-10-09 10:30:00,13.0,cin_1028,sala_9230,2
299,2025-10-09 15:00:00,25.04,cin_343,sala_3101,8
310,2025-10-09 22:30:00,23.96,cin_75,sala_654,5
382,2025-10-09 17:30:00,27.63,cin_2095,sala_18718,5
366,2025-10-09 13:45:00,33.25,cin_32,sala_274,1
370,2025-10-09 17:30:00,43.85,cin_242,sala_2156,4
273,2025-10-09 20:00:00,32.6,cin_1152,sala_10342,1
339,2025-10-09 21:15:00,34.52,cin_113,sala_1001,1
334,2025-10-09 18:45:00,30.33,cin_259,sala_2316,2
297,2025-10-09 17:30:00,41.6,cin_1213,sala_10912,5
449,2025-10-09 12:30:00,27.8,cin_1045,sala_9399,6
155,2025-10-09 13:45:00,28.39,cin_1791,sala_16037,7
115,2025-10-09 15:00:00,41.27,cin_2221,sala_19863,8
66,2025-10-09 13:45:00,20.6,cin_1038,sala_9329,1
299,2025-10-09 13:45:00,40.6,cin_2041,sala_18247,6
91,2025-10-09 12:30:00,20.02,cin_1608,sala_14410,3
371,2025-10-09 22:30:00,12.4,cin_691,sala_6184,6
205,2025-10-09 11:45:00,30.2,cin_1286,sala_11559,4
193,2025-10-09 20:00:00,40.6,cin_321,sala_2888,7
23,2025-10-09 22:30:00,12.89,cin_1772,sala_15876,10
410,2025-10-09 20:00:00,37.27,cin_869,sala_7802,6
331,2025-10-09 18:45:00,12.98,cin_291,sala_2600,6
245,2025-10-09 22:30:00,40.67,cin_667,sala_5981,12
271,2025-10-09 12:30:00,23.23,cin_357,sala_3226,2
437,2025-10-09 16:15:00,25.15,cin_1263,sala_11348,9
307,2025-10-09 20:00:00,37.73,cin_1340,sala_12043,1
373,2025-10-09 10:30:00,25.0,cin_181,sala_1626,7
366,2025-10-09 16:15:00,25.78,cin_1426,sala_12811,11
450,2025-10-09 11:45:00,12.44,cin_789,sala_7049,7
428,2025-10-09 15:00:00,21.14,cin_1275,sala_11461,6
257,2025-10-09 18:45:00,21.61,cin_864,sala_7761,9
273,2025-10-09 15:00:00,37.98,cin_306,sala_2736,3
388,2025-10-09 21:15:00,35.38,cin_1423,sala_12781,4
338,2025-10-09 22:30:00,17.5,cin_354,sala_3208,9
340,2025-10-09 20:00:00,42.06,cin_1252,sala_11255,2
288,2025-10-09 21:15:00,32.28,cin_309,sala_2770,5
395,2025-10-09 15:00:00,18.48,cin_590,sala_5284,5
471,2025-10-09 17:30:00,34.69,cin_804,sala_7185,6
146,2025-10-09 16:15:00,21.16,cin_2029,sala_18138,2
89,2025-10-09 17:30:00,23.44,cin_1878,sala_16804,6
442,2025-10-09 18:45:00,26.08,cin_1666,sala_14926,12
19,2025-10-09 15:00:00,44.92,cin_2220,sala_19851,8
35,2025-10-09 21:15:00,26.84,cin_260,sala_2328,2
428,2025-10-09 10:30:00,35.02,cin_2128,sala_19033,11
54,2025-10-09 15:00:00,26.75,cin_1223,sala_10999,6
161,2025-10-09 16:15:00,40.09,cin_1525,sala_13651,3
56,2025-10-09 12:30:00,43.04,cin_1864,sala_16673,7
312,2025-10-09 16:15:00,19.36,cin_889,sala_7973,3
197,2025-10-09 13:45:00,33.33,cin_87,sala_761,6
348,2025-10-09 13:45:00,39.99,cin_701,sala_6263,5
494,2025-10-09 15:00:00,25.03,cin_227,sala_2025,3
86,2025-10-09 21:15:00,29.39,cin_623,sala_5569,4
157,2025-10-09 15:00:00,41.0,cin_348,sala_3148,6
37,2025-10-09 11:45:00,26.34,cin_953,sala_8556,1
75,2025-10-09 16:15:00,28.33,cin_1445,sala_12973,2
33,2025-10-09 11:45:00,33.72,cin_247,sala_2202,10
132,2025-10-09 22:30:00,39.08,cin_1646,sala_14727,2
67,2025-10-09 20:00:00,29.18,cin_923,sala_8281,1
242,2025-10-09 18:45:00,32.06,cin_2121,sala_18956,12
111,2025-10-09 22:30:00,21.96,cin_99,sala_874,1
461,2025-10-09 18:45:00,14.33,cin_2014,sala_17990,4
224,2025-10-09 20:00:00,33.84,cin_812,sala_7251,1
399,2025-10-09 11:45:00,15.02,cin_2024,sala_18094,2
395,2025-10-09 18:45:00,27.74,cin_2215,sala_19808,1
375,2025-10-09 18:45:00,38.14,cin_98,sala_869,5
356,2025-10-09 13:45:00,12.96,cin_412,sala_3713,10
474,2025-10-09 21:15:00,24.94,cin_744,sala_6651,6
293,2025-10-09 15:00:00,41.89,cin_1743,sala_15625,5
491,2025-10-09 17:30:00,34.05,cin_570,sala_5118,5
284,2025-10-09 12:30:00,22.96,cin_1966,sala_17595,7
161,2025-10-09 11:45:00,43.17,cin_1586,sala_14223,6
250,2025-10-09 20:00:00,26.31,cin_1052,sala_9451,3
233,2025-10-09 16:15:00,18.57,cin_2061,sala_18434,11
190,2025-10-09 17:30:00,34.81,cin_1994,sala_17819,2
3,2025-10-09 10:30:00,41.99,cin_1502,sala_13472,3
297,2025-10-09 12:30:00,16.99,cin_953,sala_8560,5
378,2025-10-09 12:30:00,16.9,cin_625,sala_5584,1
487,2025-10-09 22:30:00,16.72,cin_1335,sala_11996,3
452,2025-10-09 17:30:00,12.44,cin_127,sala_1139,1
103,2025-10-09 13:45:00,35.68,cin_1866,sala_16697,12
313,2025-10-09 11:45:00,35.55,cin_2016,sala_18016,6
397,2025-10-09 16:15:00,39.61,cin_115,sala_1024,5
79,2025-10-09 20:00:00,13.34,cin_1273,sala_11445,4
24,2025-10-09 21:15:00,37.4,cin_2051,sala_18333,3
498,2025-10-09 15:00:00,32.63,cin_1203,sala_10821,8
285,2025-10-09 12:30:00,23.84,cin_409,sala_3682,6
311,2025-10-09 18:45:00,29.07,cin_790,sala_7057,8
318,2025-10-09 15:00:00,24.74,cin_740,sala_6611,7
2,2025-10-09 17:30:00,39.41,cin_1633,sala_14623,2
397,2025-10-09 22:30:00,22.24,cin_1159,sala_10415,8
339,2025-10-09 22:30:00,42.96,cin_248,sala_2205,2
135,2025-10-09 18:45:00,36.15,cin_559,sala_5021,1
40,2025-10-09 11:45:00,32.35,cin_1659,sala_14859,7
482,2025-10-09 22:30:00,28.68,cin_2219,sala_19838,1
245,2025-10-09 22:30:00,30.42,cin_463,sala_4144,8
381,2025-10-09 13:45:00,14.49,cin_1383,sala_12431,1
273,2025-10-09 15:00:00,39.68,cin_308,sala_2757,1
305,2025-10-09 20:00:00,22.24,cin_467,sala_4187,8
446,2025-10-09 21:15:00,22.03,cin_658,sala_5883,1
493,2025-10-09 13:45:00,25.57,cin_161,sala_1440,2
279,2025-10-09 10:30:00,25.47,cin_354,sala_3202,3
460,2025-10-09 16:15:00,19.21,cin_906,sala_8128,4
499,2025-10-09 11:45:00,28.51,cin_1944,sala_17400,5
162,2025-10-09 20:00:00,35.99,cin_1131,sala_10139,1
385,2025-10-09 17:30:00,29.72,cin_492,sala_4408,6
465,2025-10-09 17:30:00,32.01,cin_781,sala_6976,3
18,2025-10-09 20:00:00,28.73,cin_339,sala_3061,7
115,2025-10-09 20:00:00,35.05,cin_1743,sala_15623,3
236,2025-10-09 15:00:00,26.54,cin_150,sala_1350,5
51,2025-10-09 10:30:00,31.85,cin_1702,sala_15254,3
335,2025-10-09 20:00:00,34.41,cin_1053,sala_9464,4
92,2025-10-09 16:15:00,19.64,cin_2081,sala_18608,8
170,2025-10-09 13:45:00,16.65,cin_1650,sala_14768,1
438,2025-10-09 13:45:00,18.93,cin_28,sala_244,4
280,2025-10-09 11:45:00,32.77,cin_1677,sala_15020,10
486,2025-10-09 20:00:00,26.09,cin_2047,sala_18300,6
387,2025-10-09 22:30:00,15.07,cin_286,sala_2559,11
329,2025-10-09 18:45:00,42.33,cin_1371,sala_12327,5
185,2025-10-09 15:00:00,26.3,cin_441,sala_3969,9
73,2025-10-09 21:15:00,19.33,cin_843,sala_7563,6
160,2025-10-09 21:15:00,12.28,cin_1975,sala_17665,2
491,2025-10-09 10:30:00,18.6,cin_775,sala_6927,6
325,2025-10-09 18:45:00,18.87,cin_2180,sala_19499,7
183,2025-10-09 15:00:00,43.27,cin_2081,sala_18610,10
170,2025-10-09 22:30:00,43.54,cin_1465,sala_13154,3
404,2025-10-09 10:30:00,25.72,cin_63,sala_541,7
369,2025-10-09 12:30:00,12.3,cin_567,sala_5098,9
292,2025-10-09 16:15:00,39.22,cin_1324,sala_11895,4
399,2025-10-09 10:30:00,26.82,cin_830,sala_7436,5
487,2025-10-09 20:00:00,19.03,cin_937,sala_8407,2
455,2025-10-09 21:15:00,39.9,cin_1233,sala_11103,12
18,2025-10-09 17:30:00,39.54,cin_1186,sala_10655,6
481,2025-10-09 16:15:00,18.74,cin_1699,sala_15230,8
424,2025-10-09 21:15:00,21.67,cin_1639,sala_14669,4
101,2025-10-09 22:30:00,25.79,cin_1779,sala_15926,2
354,2025-10-09 18:45:00,33.16,cin_1267,sala_11382,5
194,2025-10-09 10:30:00,35.92,cin_781,sala_6980,7
447,2025-10-09 13:45:00,21.49,cin_1996,sala_17834,1
144,2025-10-09 15:00:00,25.66,cin_412,sala_3713,10
139,2025-10-09 21:15:00,24.15,cin_535,sala_4804,6
301,2025-10-09 12:30:00,36.64,cin_1005,sala_9021,9
444,2025-10-09 22:30:00,20.68,cin_927,sala_8319,10
498,2025-10-09 22:30:00,28.66,cin_857,sala_7694,3
176,2025-10-09 16:15:00,24.8,cin_198,sala_1773,1
185,2025-10-09 18:45:00,12.69,cin_771,sala_6891,1
283,2025-10-09 17:30:00,32.64,cin_87,sala_766,11
258,2025-10-09 17:30:00,14.35,cin_2169,sala_19394,8
7,2025-10-09 10:30:00,37.1,cin_543,sala_4883,3
256,2025-10-09 10:30:00,44.94,cin_578,sala_5182,4
102,2025-10-09 20:00:00,34.27,cin_479,sala_4294,6
161,2025-10-09 17:30:00,29.65,cin_238,sala_2121,5
319,2025-10-09 16:15:00,23.68,cin_1975,sala_17664,1
102,2025-10-09 12:30:00,34.15,cin_149,sala_1339,6
455,2025-10-09 22:30:00,44.77,cin_522,sala_4686,9
314,2025-10-09 17:30:00,14.03,cin_1017,sala_9135,3
381,2025-10-09 21:15:00,41.07,cin_318,sala_2862,10
227,2025-10-09 16:15:00,25.23,cin_1988,sala_17774,3
330,2025-10-09 12:30:00,31.29,cin_172,sala_1539,3
361,2025-10-09 13:45:00,35.68,cin_1050,sala_9437,7
193,2025-10-09 18:45:00,24.9,cin_1133,sala_10160,2
256,2025-10-09 21:15:00,33.62,cin_1517,sala_13587,5
131,2025-10-09 11:45:00,15.65,cin_1118,sala_10026,4
208,2025-10-09 12:30:00,39.8,cin_1120,sala_10047,8
312,2025-10-09 22:30:00,44.91,cin_1455,sala_13066,4
95,2025-10-09 17:30:00,23.81,cin_2117,sala_18908,3
160,2025-10-09 12:30:00,13.85,cin_274,sala_2445,7
276,2025-10-09 11:45:00,27.07,cin_357,sala_3228,4
419,2025-10-09 20:00:00,28.03,cin_1264,sala_11358,9
476,2025-10-09 15:00:00,30.29,cin_1485,sala_13324,1
28,2025-10-09 13:45:00,21.26,cin_1565,sala_14040,7
84,2025-10-09 16:15:00,29.1,cin_1315,sala_11812,1
418,2025-10-09 15:00:00,31.47,cin_2110,sala_18852,4
477,2025-10-09 18:45:00,18.57,cin_1301,sala_11691,3
474,2025-10-09 15:00:00,26.32,cin_1115,sala_10004,7
21,2025-10-09 17:30:00,39.49,cin_847,sala_7593,4
164,2025-10-09 20:00:00,37.69,cin_1648,sala_14747,1
25,2025-10-09 11:45:00,13.33,cin_99,sala_879,6
109,2025-10-09 15:00:00,19.03,cin_1014,sala_9111,11
308,2025-10-09 12:30:00,38.44,cin_290,sala_2591,6
150,2025-10-09 12:30:00,25.18,cin_2046,sala_18286,1
452,2025-10-09 21:15:00,22.15,cin_1414,sala_12696,4
285,2025-10-09 20:00:00,13.92,cin_396,sala_3564,5
52,2025-10-09 18:45:00,26.49,cin_663,sala_5941,12
222,2025-10-09 10:30:00,41.56,cin_2043,sala_18258,1
19,2025-10-09 13:45:00,44.1,cin_841,sala_7548,7
192,2025-10-09 20:00:00,36.54,cin_305,sala_2731,9
397,2025-10-09 13:45:00,28.61,cin_1362,sala_12246,2
116,2025-10-09 18:45:00,38.85,cin_1854,sala_16582,4
449,2025-10-09 13:45:00,33.86,cin_50,sala_435,7
326,2025-10-09 16:15:00,13.48,cin_2137,sala_19111,4
304,2025-10-09 21:15:00,41.15,cin_1841,sala_16475,7
222,2025-10-09 15:00:00,38.2,cin_776,sala_6936,6
436,2025-10-09 18:45:00,29.9,cin_734,sala_6548,2
145,2025-10-09 17:30:00,29.88,cin_1150,sala_10323,4
302,2025-10-09 17:30:00,30.82,cin_890,sala_7982,4
124,2025-10-09 11:45:00,38.31,cin_769,sala_6878,7
28,2025-10-09 10:30:00,39.99,cin_111,sala_980,3
497,2025-10-09 18:45:00,34.18,cin_734,sala_6550,4
232,2025-10-09 17:30:00,42.98,cin_90,sala_792,4
148,2025-10-09 13:45:00,17.85,cin_795,sala_7108,5
356,2025-10-09 21:15:00,40.54,cin_107,sala_947,8
189,2025-10-09 12:30:00,21.81,cin_2182,sala_19520,5
126,2025-10-09 22:30:00,25.26,cin_82,sala_717,10
214,2025-10-09 11:45:00,22.0,cin_551,sala_4963,11
327,2025-10-09 16:15:00,34.57,cin_570,sala_5120,7
256,2025-10-09 11:45:00,17.12,cin_1398,sala_12564,3
88,2025-10-09 16:15:00,40.13,cin_1380,sala_12409,6
157,2025-10-09 22:30:00,41.56,cin_2092,sala_18694,2
157,2025-10-09 12:30:00,18.44,cin_988,sala_8870,5
360,2025-10-09 16:15:00,32.05,cin_1823,sala_16316,8
193,2025-10-09 20:00:00,36.14,cin_273,sala_2438,9
462,2025-10-09 21:15:00,29.02,cin_734,sala_6552,6
383,2025-10-09 16:15:00,23.28,cin_1037,sala_9319,3
366,2025-10-09 12:30:00,35.52,cin_2182,sala_19519,4
332,2025-10-09 17:30:00,20.12,cin_1997,sala_17841,2
143,2025-10-09 12:30:00,28.03,cin_2128,sala_19023,1
129,2025-10-09 11:45:00,34.67,cin_1647,sala_14744,10
466,2025-10-09 12:30:00,32.71,cin_1808,sala_16190,4
307,2025-10-09 13:45:00,25.85,cin_654,sala_5856,7
347,2025-10-09 11:45:00,36.84,cin_1340,sala_12049,7
305,2025-10-09 22:30:00,30.55,cin_239,sala_2131,6
301,2025-10-09 15:00:00,43.56,cin_870,sala_7810,7
205,2025-10-09 11:45:00,43.22,cin_15,sala_140,5
314,2025-10-09 10:30:00,35.9,cin_230,sala_2052,4
389,2025-10-09 11:45:00,23.02,cin_1293,sala_11624,2
97,2025-10-09 17:30:00,44.64,cin_117,sala_1048,10
369,2025-10-09 22:30:00,20.2,cin_650,sala_5820,2
390,2025-10-09 21:15:00,15.81,cin_690,sala_6177,5
74,2025-10-09 11:45:00,23.43,cin_441,sala_3968,8
88,2025-10-09 22:30:00,13.39,cin_915,sala_8210,8
54,2025-10-09 18:45:00,30.2,cin_607,sala_5439,8
38,2025-10-09 16:15:00,29.34,cin_625,sala_5587,4
305,2025-10-09 16:15:00,29.65,cin_2209,sala_19756,7
441,2025-10-09 17:30:00,39.42,cin_1018,sala_9150,8
238,2025-10-09 13:45:00,38.92,cin_492,sala_4405,3
30,2025-10-09 22:30:00,27.09,cin_2063,sala_18447,1
456,2025-10-09 21:15:00,27.69,cin_667,sala_5981,12
354,2025-10-09 12:30:00,36.21,cin_2178,sala_19474,2
483,2025-10-09 10:30:00,42.59,cin_1289,sala_11591,9
232,2025-10-09 17:30:00,44.28,cin_1292,sala_11619,4
199,2025-10-09 22:30:00,40.7,cin_1288,sala_11577,3
229,2025-10-09 17:30:00,12.66,cin_672,sala_6016,4
391,2025-10-09 12:30:00,13.48,cin_1863,sala_16659,1
42,2025-10-09 11:45:00,36.56,cin_1661,sala_14875,3
498,2025-10-09 12:30:00,17.75,cin_521,sala_4675,5
305,2025-10-09 21:15:00,13.57,cin_1123,sala_10068,3
375,2025-10-09 13:45:00,17.85,cin_284,sala_2542,11
28,2025-10-09 13:45:00,15.08,cin_1971,sala_17635,1
347,2025-10-09 10:30:00,20.33,cin_1732,sala_15522,2
244,2025-10-09 18:45:00,20.05,cin_393,sala_3538,5
291,2025-10-09 18:45:00,41.93,cin_1535,sala_13737,1
178,2025-10-09 18:45:00,41.64,cin_1571,sala_14093,6
438,2025-10-09 13:45:00,21.6,cin_1383,sala_12442,12
35,2025-10-09 20:00:00,17.56,cin_515,sala_4623,11
379,2025-10-09 11:45:00,38.35,cin_957,sala_8591,1
275,2025-10-09 10:30:00,27.24,cin_270,sala_2412,3
405,2025-10-09 15:00:00,25.37,cin_1955,sala_17495,2
403,2025-10-09 11:45:00,34.02,cin_405,sala_3642,6
447,2025-10-09 17:30:00,39.54,cin_2086,sala_18654,7
223,2025-10-09 17:30:00,28.28,cin_1486,sala_13335,4
276,2025-10-09 16:15:00,21.59,cin_1862,sala_16651,1
185,2025-10-09 16:15:00,28.85,cin_2031,sala_18153,3
204,2025-10-09 22:30:00,41.63,cin_663,sala_5938,9
418,2025-10-09 21:15:00,22.61,cin_1439,sala_12920,2
474,2025-10-09 15:00:00,39.38,cin_149,sala_1343,10
445,2025-10-09 10:30:00,15.69,cin_145,sala_1302,2
207,2025-10-09 18:45:00,39.56,cin_1545,sala_13846,8
395,2025-10-09 11:45:00,35.17,cin_731,sala_6524,10
170,2025-10-09 22:30:00,29.23,cin_556,sala_5005,5
264,2025-10-09 12:30:00,38.61,cin_1781,sala_15949,6
13,2025-10-09 17:30:00,36.19,cin_824,sala_7379,10
86,2025-10-09 13:45:00,40.02,cin_1208,sala_10865,9
475,2025-10-09 13:45:00,32.17,cin_2138,sala_19119,3
255,2025-10-09 20:00:00,13.27,cin_1279,sala_11497,4
262,2025-10-09 10:30:00,18.44,cin_2006,sala_17914,5
454,2025-10-09 16:15:00,34.31,cin_356,sala_3224,6
372,2025-10-09 20:00:00,31.45,cin_1403,sala_12603,8
330,2025-10-09 22:30:00,16.52,cin_1173,sala_10546,5
55,2025-10-09 15:00:00,37.58,cin_1027,sala_9223,4
411,2025-10-09 15:00:00,42.89,cin_988,sala_8868,3
455,2025-10-09 10:30:00,21.33,cin_1087,sala_9759,5
462,2025-10-09 21:15:00,39.0,cin_216,sala_1933,3
49,2025-10-09 15:00:00,29.11,cin_239,sala_2128,3
42,2025-10-09 22:30:00,15.13,cin_1049,sala_9425,2
417,2025-10-09 13:45:00,19.5,cin_837,sala_7509,6
247,2025-10-09 12:30:00,19.23,cin_1071,sala_9618,3
48,2025-10-09 22:30:00,27.9,cin_1001,sala_8979,1
235,2025-10-09 11:45:00,22.46,cin_1337,sala_12016,6
255,2025-10-09 17:30:00,14.19,cin_1901,sala_17007,7
280,2025-10-09 12:30:00,40.84,cin_1768,sala_15832,2
147,2025-10-09 17:30:00,42.17,cin_556,sala_5002,2
146,2025-10-09 20:00:00,25.27,cin_475,sala_4256,9
57,2025-10-09 13:45:00,19.17,cin_764,sala_6832,9
155,2025-10-09 22:30:00,33.19,cin_137,sala_1232,5
122,2025-10-09 13:45:00,26.15,cin_1833,sala_16409,6
456,2025-10-09 11:45:00,38.84,cin_1987,sala_17771,9
211,2025-10-09 13:45:00,25.7,cin_1114,sala_9996,5
68,2025-10-09 12:30:00,31.64,cin_1164,sala_10460,3
59,2025-10-09 18:45:00,37.22,cin_155,sala_1382,3
217,2025-10-09 18:45:00,42.3,cin_515,sala_4616,4
317,2025-10-09 12:30:00,35.59,cin_2002,sala_17875,3
158,2025-10-09 15:00:00,34.04,cin_1185,sala_10646,4
13,2025-10-09 21:15:00,20.39,cin_790,sala_7056,7
20,2025-10-09 16:15:00,29.85,cin_624,sala_5581,5
309,2025-10-09 13:45:00,43.32,cin_873,sala_7842,9
219,2025-10-09 18:45:00,14.46,cin_852,sala_7644,3
413,2025-10-09 12:30:00,16.95,cin_1325,sala_11909,11
242,2025-10-09 15:00:00,33.21,cin_246,sala_2189,3
459,2025-10-09 18:45:00,20.51,cin_228,sala_2036,8
106,2025-10-09 12:30:00,17.86,cin_1290,sala_11604,11
279,2025-10-09 16:15:00,17.0,cin_37,sala_318,2
176,2025-10-09 15:00:00,35.29,cin_1643,sala_14700,2
417,2025-10-09 13:45:00,26.55,cin_684,sala_6124,2
42,2025-10-09 13:45:00,34.95,cin_1966,sala_17593,5
412,2025-10-09 16:15:00,17.92,cin_813,sala_7265,3
310,2025-10-09 18:45:00,19.25,cin_1186,sala_10655,6
319,2025-10-09 17:30:00,18.02,cin_1196,sala_10744,2
220,2025-10-09 13:45:00,14.47,cin_1306,sala_11735,5
96,2025-10-09 22:30:00,17.25,cin_1532,sala_13714,5
229,2025-10-09 12:30:00,27.3,cin_1429,sala_12841,8
288,2025-10-09 21:15:00,17.98,cin_1133,sala_10159,1
450,2025-10-09 17:30:00,38.74,cin_1871,sala_16730,1
349,2025-10-09 17:30:00,12.35,cin_1484,sala_13316,1
314,2025-10-09 13:45:00,29.21,cin_1534,sala_13734,6
49,2025-10-09 21:15:00,33.78,cin_2007,sala_17923,4
215,2025-10-09 18:45:00,22.76,cin_2058,sala_18393,2
38,2025-10-09 12:30:00,34.77,cin_1770,sala_15853,3
48,2025-10-09 15:00:00,34.22,cin_1098,sala_9851,2
98,2025-10-09 11:45:00,22.11,cin_1280,sala_11505,3
391,2025-10-09 16:15:00,13.93,cin_1126,sala_10098,1
257,2025-10-09 13:45:00,30.19,cin_2044,sala_18275,12
370,2025-10-09 16:15:00,22.31,cin_1918,sala_17162,7
92,2025-10-09 10:30:00,17.38,cin_1010,sala_9066,7
436,2025-10-09 12:30:00,17.01,cin_1090,sala_9787,5
44,2025-10-09 21:15:00,32.04,cin_1987,sala_17770,8
493,2025-10-09 13:45:00,19.02,cin_319,sala_2869,7
451,2025-10-09 11:45:00,42.24,cin_2140,sala_19137,4
470,2025-10-09 10:30:00,16.93,cin_467,sala_4190,11
277,2025-10-09 20:00:00,16.03,cin_407,sala_3663,4
209,2025-10-09 11:45:00,35.81,cin_1221,sala_10983,6
222,2025-10-09 11:45:00,40.09,cin_1648,sala_14754,8
25,2025-10-09 21:15:00,21.79,cin_1032,sala_9280,10
125,2025-10-09 22:30:00,29.69,cin_1599,sala_14340,3
243,2025-10-09 18:45:00,24.59,cin_2079,sala_18588,2
370,2025-10-09 16:15:00,20.29,cin_910,sala_8167,4
434,2025-10-09 21:15:00,35.88,cin_1183,sala_10621,1
306,2025-10-09 22:30:00,22.3,cin_1054,sala_9474,3
462,2025-10-09 13:45:00,12.2,cin_121,sala_1084,1
394,2025-10-09 20:00:00,37.1,cin_1268,sala_11394,5
92,2025-10-09 13:45:00,36.06,cin_1381,sala_12416,1
374,2025-10-09 20:00:00,30.74,cin_1285,sala_11549,1
105,2025-10-09 22:30:00,15.54,cin_615,sala_5502,8
160,2025-10-09 13:45:00,29.37,cin_1541,sala_13802,8
159,2025-10-09 22:30:00,20.2,cin_945,sala_8484,6
364,2025-10-09 11:45:00,31.48,cin_589,sala_5274,3
313,2025-10-09 15:00:00,20.08,cin_16,sala_156,9
367,2025-10-09 11:45:00,39.54,cin_880,sala_7898,8
478,2025-10-09 11:45:00,40.25,cin_1410,sala_12662,5
465,2025-10-09 15:00:00,17.99,cin_1621,sala_14511,2
64,2025-10-09 10:30:00,38.93,cin_414,sala_3730,10
291,2025-10-09 22:30:00,41.12,cin_1026,sala_9215,3
239,2025-10-09 21:15:00,31.35,cin_258,sala_2313,8
229,2025-10-09 11:45:00,14.16,cin_2114,sala_18887,6
467,2025-10-09 12:30:00,41.61,cin_895,sala_8031,11
51,2025-10-09 22:30:00,25.46,cin_1572,sala_14102,7
396,2025-10-09 10:30:00,44.56,cin_526,sala_4718,4
133,2025-10-09 21:15:00,40.26,cin_583,sala_5230,7
242,2025-10-09 20:00:00,36.71,cin_18,sala_171,5
495,2025-10-09 10:30:00,31.09,cin_716,sala_6392,2
136,2025-10-09 22:30:00,21.38,cin_1940,sala_17363,5
39,2025-10-09 17:30:00,25.57,cin_1536,sala_13752,10
430,2025-10-09 15:00:00,40.75,cin_851,sala_7636,6
113,2025-10-09 21:15:00,33.55,cin_113,sala_1002,2
411,2025-10-09 22:30:00,29.06,cin_1671,sala_14966,7
412,2025-10-09 18:45:00,32.65,cin_1676,sala_15006,4
367,2025-10-09 18:45:00,36.57,cin_812,sala_7260,10
317,2025-10-09 17:30:00,30.93,cin_1848,sala_16534,6
257,2025-10-09 22:30:00,21.04,cin_60,sala_511,1
484,2025-10-09 15:00:00,38.3,cin_135,sala_1220,6
100,2025-10-09 10:30:00,13.82,cin_2088,sala_18669,1
141,2025-10-09 13:45:00,41.07,cin_2214,sala_19802,5
189,2025-10-09 16:15:00,44.75,cin_1164,sala_10464,7
252,2025-10-09 20:00:00,27.81,cin_1246,sala_11210,4
422,2025-10-09 22:30:00,38.61,cin_2206,sala_19723,1
195,2025-10-09 17:30:00,31.19,cin_713,sala_6363,6
228,2025-10-09 10:30:00,19.93,cin_1515,sala_13573,3
131,2025-10-09 20:00:00,43.07,cin_1932,sala_17293,10
454,2025-10-09 22:30:00,44.8,cin_469,sala_4209,11
127,2025-10-09 18:45:00,24.07,cin_2128,sala_19030,8
160,2025-10-09 18:45:00,23.48,cin_413,sala_3720,7
447,2025-10-09 11:45:00,36.21,cin_1389,sala_12489,7
334,2025-10-09 12:30:00,16.23,cin_478,sala_4284,3
403,2025-10-09 18:45:00,16.3,cin_671,sala_6009,3
34,2025-10-09 11:45:00,35.53,cin_416,sala_3746,8
304,2025-10-09 13:45:00,35.37,cin_2001,sala_17872,8
165,2025-10-09 15:00:00,41.0,cin_1362,sala_12248,4
324,2025-10-09 21:15:00,37.29,cin_1703,sala_15266,3
299,2025-10-09 12:30:00,33.33,cin_1600,sala_14348,4
302,2025-10-09 20:00:00,31.35,cin_255,sala_2272,1
229,2025-10-09 10:30:00,32.91,cin_724,sala_6455,2
86,2025-10-09 10:30:00,14.86,cin_272,sala_2429,8
84,2025-10-09 16:15:00,38.93,cin_505,sala_4522,6
452,2025-10-09 12:30:00,39.09,cin_1697,sala_15208,5
397,2025-10-09 16:15:00,34.53,cin_575,sala_5160,6
423,2025-10-09 12:30:00,21.46,cin_869,sala_7798,2
268,2025-10-09 21:15:00,41.19,cin_1130,sala_10130,1
122,2025-10-09 13:45:00,16.11,cin_1885,sala_16861,7
307,2025-10-09 22:30:00,32.82,cin_20,sala_184,2
40,2025-10-09 10:30:00,13.19,cin_1261,sala_11330,5
59,2025-10-09 20:00:00,32.06,cin_331,sala_2989,6
500,2025-10-09 10:30:00,33.46,cin_1579,sala_14161,3
460,2025-10-09 18:45:00,28.3,cin_240,sala_2132,1
35,2025-10-09 22:30:00,32.87,cin_1449,sala_13004,1
444,2025-10-09 15:00:00,13.13,cin_3,sala_27,6
81,2025-10-09 12:30:00,36.47,cin_2179,sala_19482,1
298,2025-10-09 16:15:00,32.64,cin_1110,sala_9956,4
134,2025-10-09 17:30:00,14.91,cin_588,sala_5269,10
274,2025-10-09 21:15:00,30.55,cin_2114,sala_18888,7
370,2025-10-09 16:15:00,36.31,cin_1023,sala_9185,2
5,2025-10-09 12:30:00,27.83,cin_1491,sala_13379,9
227,2025-10-09 22:30:00,34.45,cin_2232,sala_19970,5
76,2025-10-09 20:00:00,33.06,cin_548,sala_4936,7
435,2025-10-09 11:45:00,17.27,cin_2028,sala_18130,6
327,2025-10-09 21:15:00,15.49,cin_1462,sala_13127,7
293,2025-10-09 11:45:00,19.3,cin_664,sala_5942,1
6,2025-10-09 20:00:00,25.66,cin_358,sala_3233,1
35,2025-10-09 16:15:00,33.4,cin_1562,sala_14006,3
192,2025-10-09 11:45:00,36.23,cin_395,sala_3555,5
199,2025-10-09 20:00:00,34.96,cin_1098,sala_9853,4
345,2025-10-09 21:15:00,13.44,cin_1439,sala_12922,4
234,2025-10-09 17:30:00,35.71,cin_1080,sala_9691,4
377,2025-10-09 11:45:00,23.81,cin_1692,sala_15154,1
338,2025-10-09 11:45:00,14.09,cin_145,sala_1302,2
268,2025-10-09 18:45:00,33.46,cin_2174,sala_19437,1
388,2025-10-09 20:00:00,12.98,cin_472,sala_4227,3
45,2025-10-09 15:00:00,19.56,cin_802,sala_7161,1
305,2025-10-09 11:45:00,25.85,cin_1646,sala_14733,8
314,2025-10-09 22:30:00,29.0,cin_933,sala_8375,9
181,2025-10-09 11:45:00,36.63,cin_1427,sala_12815,4
237,2025-10-09 22:30:00,15.38,cin_1380,sala_12407,4
390,2025-10-09 22:30:00,36.18,cin_560,sala_5033,5
27,2025-10-09 12:30:00,37.18,cin_1796,sala_16080,3
19,2025-10-09 20:00:00,42.66,cin_810,sala_7236,3
187,2025-10-09 21:15:00,18.95,cin_1593,sala_14280,3
241,2025-10-09 13:45:00,35.38,cin_1561,sala_14002,11
37,2025-10-09 12:30:00,19.58,cin_1025,sala_9209,5
235,2025-10-09 17:30:00,12.24,cin_1331,sala_11959,7
157,2025-10-09 16:15:00,13.55,cin_30,sala_264,8
391,2025-10-09 16:15:00,30.92,cin_1535,sala_13742,6
132,2025-10-09 22:30:00,38.69,cin_1821,sala_16293,4
344,2025-10-09 20:00:00,16.71,cin_956,sala_8589,8
244,2025-10-09 11:45:00,31.51,cin_1319,sala_11853,8
69,2025-10-09 12:30:00,15.75,cin_1423,sala_12782,5
428,2025-10-09 21:15:00,15.04,cin_820,sala_7339,9
77,2025-10-09 20:00:00,31.89,cin_1099,sala_9860,4
371,2025-10-09 20:00:00,33.62,cin_743,sala_6637,1
18,2025-10-09 12:30:00,28.7,cin_348,sala_3149,7
136,2025-10-09 16:15:00,17.11,cin_1236,sala_11121,6
153,2025-10-09 11:45:00,43.85,cin_1742,sala_15615,2
360,2025-10-09 18:45:00,16.71,cin_1138,sala_10213,7
444,2025-10-09 13:45:00,40.18,cin_247,sala_2203,11
240,2025-10-09 15:00:00,20.39,cin_890,sala_7987,9
353,2025-10-09 17:30:00,26.55,cin_1313,sala_11800,4
223,2025-10-09 20:00:00,32.14,cin_329,sala_2967,7
395,2025-10-09 15:00:00,40.96,cin_1650,sala_14775,8
171,2025-10-09 20:00:00,23.22,cin_122,sala_1100,11
253,2025-10-09 17:30:00,21.07,cin_1872,sala_16747,8
116,2025-10-09 11:45:00,13.38,cin_898,sala_8062,10
76,2025-10-09 11:45:00,13.07,cin_1795,sala_16075,8
2,2025-10-09 22:30:00,26.69,cin_718,sala_6411,4
353,2025-10-09 21:15:00,42.52,cin_1158,sala_10399,4
138,2025-10-09 20:00:00,12.49,cin_1192,sala_10716,6
432,2025-10-09 12:30:00,31.1,cin_1015,sala_9116,5
366,2025-10-09 10:30:00,40.63,cin_1398,sala_12565,4
378,2025-10-09 15:00:00,34.25,cin_1273,sala_11449,8
129,2025-10-09 18:45:00,33.68,cin_1249,sala_11238,8
314,2025-10-09 20:00:00,16.75,cin_785,sala_7010,4
262,2025-10-09 21:15:00,33.79,cin_14,sala_129,6
253,2025-10-09 13:45:00,30.5,cin_263,sala_2357,5
341,2025-10-09 21:15:00,36.72,cin_1800,sala_16123,9
337,2025-10-09 15:00:00,42.51,cin_12,sala_108,3
417,2025-10-09 18:45:00,20.84,cin_2158,sala_19300,11
469,2025-10-09 12:30:00,32.92,cin_1139,sala_10221,7
101,2025-10-09 16:15:00,32.49,cin_328,sala_2956,6
466,2025-10-09 18:45:00,22.55,cin_1457,sala_13082,2
226,2025-10-09 12:30:00,16.16,cin_813,sala_7269,7
253,2025-10-09 12:30:00,30.33,cin_2140,sala_19145,12
383,2025-10-09 13:45:00,12.63,cin_2046,sala_18288,3
495,2025-10-09 12:30:00,34.61,cin_712,sala_6355,4
327,2025-10-09 17:30:00,36.9,cin_740,sala_6605,1
17,2025-10-09 17:30:00,41.24,cin_1987,sala_17768,6
325,2025-10-09 21:15:00,36.01,cin_2107,sala_18823,5
172,2025-10-09 11:45:00,22.97,cin_1155,sala_10375,8
360,2025-10-09 10:30:00,41.33,cin_2,sala_17,6
247,2025-10-09 16:15:00,33.66,cin_656,sala_5876,8
119,2025-10-09 16:15:00,35.41,cin_24,sala_208,1
134,2025-10-09 10:30:00,26.16,cin_2062,sala_18440,5
455,2025-10-09 21:15:00,24.58,cin_1974,sala_17662,5
257,2025-10-09 12:30:00,23.08,cin_665,sala_5955,4
246,2025-10-09 13:45:00,36.14,cin_764,sala_6827,4
122,2025-10-09 13:45:00,26.1,cin_318,sala_2862,10
240,2025-10-09 18:45:00,27.69,cin_218,sala_1947,3
72,2025-10-09 21:15:00,33.37,cin_1819,sala_16272,2
440,2025-10-09 11:45:00,35.55,cin_1439,sala_12923,5
200,2025-10-09 13:45:00,25.03,cin_1992,sala_17806,2
318,2025-10-09 11:45:00,39.37,cin_299,sala_2675,9
86,2025-10-09 18:45:00,20.91,cin_332,sala_3001,11
17,2025-10-09 15:00:00,25.81,cin_1002,sala_8993,9
34,2025-10-09 13:45:00,13.91,cin_1756,sala_15728,8
215,2025-10-09 13:45:00,22.5,cin_92,sala_812,3
284,2025-10-09 22:30:00,30.81,cin_1781,sala_15946,3
151,2025-10-09 20:00:00,40.64,cin_949,sala_8519,3
302,2025-10-09 13:45:00,22.32,cin_578,sala_5182,4
358,2025-10-09 13:45:00,38.7,cin_1454,sala_13059,6
288,2025-10-09 20:00:00,39.17,cin_1061,sala_9538,6
155,2025-10-09 10:30:00,33.86,cin_1823,sala_16310,2
39,2025-10-09 20:00:00,23.85,cin_1712,sala_15339,3
229,2025-10-09 17:30:00,44.49,cin_1522,sala_13632,6
148,2025-10-09 13:45:00,35.89,cin_56,sala_479,6
164,2025-10-09 20:00:00,30.83,cin_17,sala_164,5
202,2025-10-09 10:30:00,22.31,cin_468,sala_4198,8
189,2025-10-09 18:45:00,29.31,cin_271,sala_2418,3
388,2025-10-09 18:45:00,18.01,cin_2214,sala_19800,3
47,2025-10-09 12:30:00,32.11,cin_798,sala_7128,1
64,2025-10-09 15:00:00,21.03,cin_1407,sala_12637,4
202,2025-10-09 13:45:00,29.55,cin_1709,sala_15320,9
292,2025-10-09 22:30:00,18.85,cin_1545,sala_13847,9
323,2025-10-09 11:45:00,42.73,cin_226,sala_2021,9
32,2025-10-09 10:30:00,12.87,cin_193,sala_1727,6
12,2025-10-09 13:45:00,17.09,cin_31,sala_273,8
108,2025-10-09 21:15:00,22.8,cin_825,sala_7387,6
82,2025-10-09 11:45:00,19.6,cin_1471,sala_13220,12
225,2025-10-09 10:30:00,20.33,cin_282,sala_2519,5
317,2025-10-09 22:30:00,15.45,cin_667,sala_5973,4
490,2025-10-09 16:15:00,27.49,cin_2214,sala_19803,6
31,2025-10-09 21:15:00,32.53,cin_745,sala_6655,3
370,2025-10-09 17:30:00,16.87,cin_1333,sala_11970,1
152,2025-10-09 12:30:00,19.71,cin_1039,sala_9346,9
487,2025-10-09 16:15:00,26.12,cin_1695,sala_15183,2
138,2025-10-09 13:45:00,41.29,cin_1990,sala_17789,1
297,2025-10-09 22:30:00,30.66,cin_2219,sala_19838,1
201,2025-10-09 21:15:00,15.45,cin_1533,sala_13721,4
103,2025-10-09 17:30:00,41.12,cin_62,sala_531,5
52,2025-10-09 22:30:00,35.59,cin_2028,sala_18127,3
146,2025-10-09 17:30:00,39.27,cin_1267,sala_11388,11
110,2025-10-09 18:45:00,44.57,cin_1506,sala_13503,2
317,2025-10-09 12:30:00,41.57,cin_447,sala_4013,7
48,2025-10-09 12:30:00,39.67,cin_631,sala_5640,5
289,2025-10-09 13:45:00,35.03,cin_438,sala_3934,6
127,2025-10-09 15:00:00,36.42,cin_1228,sala_11045,6
10,2025-10-09 10:30:00,22.62,cin_335,sala_3018,4
267,2025-10-09 11:45:00,29.37,cin_457,sala_4087,6
410,2025-10-09 16:15:00,17.07,cin_1889,sala_16893,5
411,2025-10-09 18:45:00,15.29,cin_1831,sala_16391,5
316,2025-10-09 18:45:00,14.07,cin_832,sala_7456,2
364,2025-10-09 18:45:00,29.95,cin_1254,sala_11273,4
39,2025-10-09 12:30:00,22.37,cin_1460,sala_13112,6
217,2025-10-09 22:30:00,16.97,cin_1765,sala_15806,3
260,2025-10-09 20:00:00,36.09,cin_2186,sala_19554,2
94,2025-10-09 18:45:00,43.36,cin_1483,sala_13305,2
27,2025-10-09 11:45:00,14.16,cin_901,sala_8091,6
23,2025-10-09 18:45:00,20.59,cin_2068,sala_18495,6
120,2025-10-09 15:00:00,23.38,cin_848,sala_7605,5
3,2025-10-09 18:45:00,12.55,cin_1290,sala_11601,8
119,2025-10-09 16:15:00,18.34,cin_1589,sala_14248,7
411,2025-10-09 17:30:00,41.18,cin_1513,sala_13557,5
442,2025-10-09 10:30:00,36.24,cin_592,sala_5297,2
420,2025-10-09 15:00:00,20.37,cin_49,sala_425,5
452,2025-10-09 10:30:00,18.08,cin_503,sala_4503,5
365,2025-10-09 16:15:00,35.38,cin_1534,sala_13731,3
495,2025-10-09 22:30:00,43.77,cin_442,sala_3974,4
394,2025-10-09 10:30:00,34.23,cin_1668,sala_14944,7
49,2025-10-09 12:30:00,30.13,cin_86,sala_752,7
224,2025-10-09 12:30:00,42.19,cin_1858,sala_16618,9
247,2025-10-09 20:00:00,17.82,cin_664,sala_5949,8
201,2025-10-09 20:00:00,31.06,cin_998,sala_8956,2
288,2025-10-09 18:45:00,24.05,cin_1224,sala_11007,8
229,2025-10-09 20:00:00,17.52,cin_872,sala_7833,11
372,2025-10-09 11:45:00,16.22,cin_1812,sala_16214,2
37,2025-10-09 22:30:00,21.91,cin_2234,sala_19994,5
261,2025-10-09 16:15:00,41.91,cin_665,sala_5963,12
373,2025-10-09 18:45:00,18.32,cin_64,sala_549,4
171,2025-10-09 12:30:00,27.31,cin_368,sala_3315,5
146,2025-10-09 16:15:00,37.31,cin_1630,sala_14602,10
433,2025-10-09 17:30:00,28.06,cin_643,sala_5759,7
492,2025-10-09 20:00:00,28.79,cin_1709,sala_15314,3
109,2025-10-09 20:00:00,17.73,cin_2053,sala_18346,3
177,2025-10-09 11:45:00,33.39,cin_8,sala_74,1
282,2025-10-09 16:15:00,28.04,cin_8,sala_74,1
430,2025-10-09 20:00:00,28.98,cin_1883,sala_16840,3
144,2025-10-09 13:45:00,30.29,cin_1993,sala_17816,5
13,2025-10-09 12:30:00,43.86,cin_1789,sala_16023,6
82,2025-10-09 18:45:00,28.58,cin_800,sala_7151,9
125,2025-10-09 21:15:00,16.19,cin_97,sala_856,2
276,2025-10-09 15:00:00,35.33,cin_1498,sala_13447,6
231,2025-10-09 10:30:00,41.24,cin_1785,sala_15981,3
302,2025-10-09 11:45:00,23.58,cin_1828,sala_16364,5
105,2025-10-09 21:15:00,39.45,cin_889,sala_7973,3
181,2025-10-09 20:00:00,37.82,cin_726,sala_6473,2
233,2025-10-09 18:45:00,38.98,cin_2065,sala_18471,10
171,2025-10-09 17:30:00,16.49,cin_1102,sala_9884,2
49,2025-10-09 21:15:00,17.9,cin_514,sala_4611,9
354,2025-10-09 12:30:00,32.82,cin_692,sala_6185,1
214,2025-10-09 16:15:00,12.97,cin_855,sala_7684,11
14,2025-10-09 13:45:00,31.43,cin_1729,sala_15490,2
43,2025-10-09 18:45:00,21.96,cin_1284,sala_11548,6
176,2025-10-09 10:30:00,42.27,cin_1787,sala_16002,5
19,2025-10-09 21:15:00,17.27,cin_1263,sala_11347,8
416,2025-10-09 22:30:00,16.64,cin_1120,sala_10045,6
149,2025-10-09 17:30:00,26.83,cin_1886,sala_16862,1
202,2025-10-09 21:15:00,20.19,cin_1580,sala_14170,6
179,2025-10-09 18:45:00,38.28,cin_1467,sala_13172,2
311,2025-10-09 15:00:00,38.09,cin_1979,sala_17700,3
331,2025-10-09 20:00:00,35.99,cin_2214,sala_19805,8
133,2025-10-09 15:00:00,26.26,cin_2061,sala_18426,3
463,2025-10-09 17:30:00,17.19,cin_1547,sala_13868,9
367,2025-10-09 10:30:00,37.25,cin_1946,sala_17417,7
428,2025-10-09 17:30:00,38.72,cin_1806,sala_16168,3
26,2025-10-09 12:30:00,29.64,cin_94,sala_834,11
151,2025-10-09 13:45:00,25.21,cin_2168,sala_19383,9
322,2025-10-09 20:00:00,27.32,cin_1119,sala_10038,6
249,2025-10-09 15:00:00,25.41,cin_559,sala_5024,4
293,2025-10-09 21:15:00,20.34,cin_2154,sala_19258,2
407,2025-10-09 13:45:00,17.49,cin_1600,sala_14355,11
242,2025-10-09 15:00:00,20.07,cin_1143,sala_10260,8
310,2025-10-09 22:30:00,22.75,cin_63,sala_539,5
346,2025-10-09 15:00:00,26.54,cin_1070,sala_9604,1
98,2025-10-09 15:00:00,37.14,cin_1924,sala_17211,3
477,2025-10-09 16:15:00,34.92,cin_1044,sala_9392,5
171,2025-10-09 10:30:00,20.91,cin_1419,sala_12740,1
373,2025-10-09 13:45:00,37.41,cin_1647,sala_14744,10
433,2025-10-09 11:45:00,23.35,cin_847,sala_7596,7
136,2025-10-09 21:15:00,40.1,cin_145,sala_1306,6
8,2025-10-09 12:30:00,16.41,cin_1624,sala_14539,6
420,2025-10-09 22:30:00,40.54,cin_38,sala_328,4
282,2025-10-09 17:30:00,30.09,cin_97,sala_857,3
336,2025-10-09 11:45:00,22.25,cin_1288,sala_11577,3
88,2025-10-09 15:00:00,27.17,cin_1379,sala_12395,2
322,2025-10-09 12:30:00,18.25,cin_1456,sala_13075,2
49,2025-10-09 11:45:00,20.86,cin_2192,sala_19604,3
478,2025-10-09 11:45:00,33.62,cin_1439,sala_12920,2
310,2025-10-09 18:45:00,30.43,cin_1085,sala_9735,1
70,2025-10-09 15:00:00,27.41,cin_1862,sala_16657,7
136,2025-10-09 13:45:00,13.95,cin_10,sala_91,6
74,2025-10-09 17:30:00,22.45,cin_1657,sala_14837,8
415,2025-10-09 20:00:00,17.92,cin_855,sala_7680,7
123,2025-10-09 12:30:00,22.19,cin_1503,sala_13481,6
37,2025-10-09 11:45:00,43.61,cin_285,sala_2548,6
465,2025-10-09 16:15:00,41.24,cin_1708,sala_15307,4
304,2025-10-09 18:45:00,19.86,cin_1013,sala_9092,2
4,2025-10-09 13:45:00,42.75,cin_1654,sala_14807,3
437,2025-10-09 20:00:00,32.83,cin_345,sala_3117,6
98,2025-10-09 12:30:00,31.4,cin_1202,sala_10807,5
127,2025-10-09 12:30:00,18.46,cin_438,sala_3930,2
75,2025-10-09 21:15:00,28.12,cin_1628,sala_14579,5
89,2025-10-09 10:30:00,16.15,cin_477,sala_4278,9
388,2025-10-09 18:45:00,17.08,cin_330,sala_2977,6
216,2025-10-09 16:15:00,34.25,cin_1263,sala_11349,10
386,2025-10-09 11:45:00,29.26,cin_378,sala_3406,8
262,2025-10-09 15:00:00,39.87,cin_1384,sala_12448,6
394,2025-10-09 18:45:00,22.58,cin_355,sala_3218,9
407,2025-10-09 22:30:00,31.88,cin_1283,sala_11540,7
400,2025-10-09 13:45:00,41.63,cin_475,sala_4249,2
445,2025-10-09 22:30:00,28.87,cin_1539,sala_13776,1
257,2025-10-09 15:00:00,33.77,cin_1513,sala_13554,2
277,2025-10-09 12:30:00,32.76,cin_311,sala_2787,5
140,2025-10-09 13:45:00,35.31,cin_1471,sala_13211,3
168,2025-10-09 21:15:00,25.31,cin_1067,sala_9591,7
160,2025-10-09 15:00:00,35.0,cin_1417,sala_12728,7
157,2025-10-09 20:00:00,24.63,cin_1083,sala_9717,1
449,2025-10-09 21:15:00,13.25,cin_1125,sala_10093,6
361,2025-10-09 12:30:00,25.87,cin_1640,sala_14679,4
51,2025-10-09 21:15:00,14.07,cin_1507,sala_13515,6
499,2025-10-09 12:30:00,30.61,cin_1608,sala_14413,6
42,2025-10-09 20:00:00,14.73,cin_1312,sala_11789,3
210,2025-10-09 17:30:00,35.66,cin_1575,sala_14129,7
397,2025-10-09 13:45:00,17.22,cin_345,sala_3120,9
407,2025-10-09 18:45:00,35.02,cin_1174,sala_10552,2
446,2025-10-09 18:45:00,19.95,cin_143,sala_1293,9
148,2025-10-09 18:45:00,17.33,cin_1216,sala_10939,6
246,2025-10-09 16:15:00,17.0,cin_1341,sala_12053,1
491,2025-10-09 18:45:00,24.45,cin_1409,sala_12652,5
162,2025-10-09 12:30:00,41.31,cin_1379,sala_12395,2
262,2025-10-09 12:30:00,22.7,cin_1397,sala_12554,1
64,2025-10-09 11:45:00,27.65,cin_645,sala_5777,2
264,2025-10-09 22:30:00,15.34,cin_2207,sala_19739,7
376,2025-10-09 13:45:00,39.76,cin_1416,sala_12718,4
386,2025-10-09 18:45:00,29.14,cin_1614,sala_14464,8
127,2025-10-09 15:00:00,34.83,cin_750,sala_6699,3
219,2025-10-09 11:45:00,40.34,cin_653,sala_5848,7
441,2025-10-09 12:30:00,12.06,cin_1771,sala_15860,3
148,2025-10-09 13:45:00,26.02,cin_611,sala_5467,7
481,2025-10-09 10:30:00,37.31,cin_46,sala_403,9
100,2025-10-09 21:15:00,41.97,cin_1121,sala_10051,2
228,2025-10-09 11:45:00,22.98,cin_1566,sala_14052,11
139,2025-10-09 20:00:00,18.77,cin_729,sala_6504,3
308,2025-10-09 20:00:00,37.72,cin_1443,sala_12960,4
480,2025-10-09 15:00:00,43.95,cin_2005,sala_17902,1
241,2025-10-09 17:30:00,18.7,cin_1158,sala_10397,2
385,2025-10-09 22:30:00,33.78,cin_1496,sala_13423,5
371,2025-10-09 18:45:00,20.59,cin_2220,sala_19852,9
256,2025-10-09 20:00:00,39.88,cin_27,sala_238,8
452,2025-10-09 20:00:00,41.81,cin_1846,sala_16515,2
468,2025-10-09 16:15:00,36.73,cin_1044,sala_9388,1
498,2025-10-09 22:30:00,35.1,cin_68,sala_593,9
125,2025-10-09 13:45:00,24.93,cin_1305,sala_11728,10
403,2025-10-09 17:30:00,31.04,cin_843,sala_7564,7
496,2025-10-09 11:45:00,22.35,cin_1085,sala_9740,6
237,2025-10-09 16:15:00,32.73,cin_1057,sala_9505,4
18,2025-10-09 18:45:00,31.37,cin_1466,sala_13168,6
370,2025-10-09 11:45:00,20.84,cin_1220,sala_10971,1
100,2025-10-09 13:45:00,17.53,cin_301,sala_2686,3
246,2025-10-09 17:30:00,28.91,cin_1715,sala_15366,4
285,2025-10-09 17:30:00,41.54,cin_609,sala_5453,8
489,2025-10-09 12:30:00,44.97,cin_1454,sala_13060,7
286,2025-10-09 13:45:00,32.03,cin_788,sala_7042,12
456,2025-10-09 21:15:00,16.17,cin_1894,sala_16940,4
199,2025-10-09 10:30:00,23.38,cin_307,sala_2750,5
217,2025-10-09 16:15:00,41.1,cin_1998,sala_17846,1
211,2025-10-09 22:30:00,40.43,cin_1368,sala_12298,4
445,2025-10-09 15:00:00,32.86,cin_566,sala_5082,5
15,2025-10-09 22:30:00,41.8,cin_835,sala_7488,5
386,2025-10-09 21:15:00,24.53,cin_883,sala_7921,3
220,2025-10-09 22:30:00,29.28,cin_307,sala_2748,3
220,2025-10-09 13:45:00,25.8,cin_675,sala_6052,7
325,2025-10-09 11:45:00,43.94,cin_506,sala_4536,8
253,2025-10-09 20:00:00,20.0,cin_895,sala_8024,4
466,2025-10-09 15:00:00,40.94,cin_154,sala_1378,5
84,2025-10-09 21:15:00,42.78,cin_1863,sala_16659,1
98,2025-10-09 18:45:00,19.94,cin_1370,sala_12318,3
19,2025-10-09 11:45:00,22.36,cin_925,sala_8296,3
126,2025-10-09 12:30:00,31.0,cin_2117,sala_18908,3
45,2025-10-09 22:30:00,32.45,cin_1406,sala_12628,6
299,2025-10-09 18:45:00,29.92,cin_318,sala_2858,6
325,2025-10-09 11:45:00,32.15,cin_875,sala_7860,11
76,2025-10-09 10:30:00,17.13,cin_1952,sala_17472,7
327,2025-10-09 15:00:00,26.98,cin_534,sala_4790,2
289,2025-10-09 16:15:00,12.06,cin_665,sala_5963,12
396,2025-10-09 11:45:00,24.77,cin_1730,sala_15505,7
250,2025-10-09 10:30:00,21.43,cin_1768,sala_15839,9
57,2025-10-09 18:45:00,28.25,cin_2076,sala_18567,6
248,2025-10-09 13:45:00,20.96,cin_336,sala_3027,1
83,2025-10-09 11:45:00,23.28,cin_607,sala_5432,1
70,2025-10-09 11:45:00,31.15,cin_1567,sala_14057,4
245,2025-10-09 21:15:00,31.47,cin_713,sala_6367,10
209,2025-10-09 10:30:00,29.55,cin_537,sala_4825,8
102,2025-10-09 15:00:00,16.37,cin_1042,sala_9373,5
100,2025-10-09 10:30:00,44.84,cin_1071,sala_9616,1
207,2025-10-09 17:30:00,22.88,cin_369,sala_3328,9
379,2025-10-09 20:00:00,43.5,cin_1766,sala_15823,8
148,2025-10-09 16:15:00,33.03,cin_112,sala_993,4
492,2025-10-09 11:45:00,42.6,cin_838,sala_7519,10
481,2025-10-09 16:15:00,39.42,cin_1828,sala_16361,2
221,2025-10-09 13:45:00,25.05,cin_1418,sala_12730,1
283,2025-10-09 12:30:00,31.23,cin_1827,sala_16351,2
109,2025-10-09 15:00:00,26.11,cin_1526,sala_13659,3
339,2025-10-09 13:45:00,38.59,cin_748,sala_6683,8
72,2025-10-09 12:30:00,26.52,cin_87,sala_765,10
490,2025-10-09 21:15:00,13.22,cin_963,sala_8646,6
66,2025-10-09 18:45:00,14.87,cin_1290,sala_11600,7
158,2025-10-09 11:45:00,30.29,cin_488,sala_4362,2
